
  EPA STORM WATER MANAGEMENT MODEL - VERSION 5.1 (Build 5.1.010)
  --------------------------------------------------------------

  
  *************
  Element Count
  *************
  Number of rain gages ...... 1
  Number of subcatchments ... 185
  Number of nodes ........... 297
  Number of links ........... 338
  Number of pollutants ...... 0
  Number of land uses ....... 0
  
  
  ****************
  Raingage Summary
  ****************
                                                      Data       Recording
  Name                 Data Source                    Type       Interval 
  ------------------------------------------------------------------------
  RainGage1            MESONET-05-04-15-5MIN-7DAY     CUMULATIVE   5 min.
  
  
  ********************
  Subcatchment Summary
  ********************
  Name                       Area     Width   %Imperv    %Slope Rain Gage            Outlet              
  -----------------------------------------------------------------------------------------------------------
  DA-F2                      1.38    116.25      0.00    3.8700 RainGage1            IN-F2               
  DA-F2B                     0.24     19.67      0.00    2.9700 RainGage1            IN-F2B              
  DA-F3                      0.29     51.99      0.00    3.4200 RainGage1            IN-F3               
  DA-F3B                     1.15    109.91      0.00    4.0200 RainGage1            IN-F3B              
  DA-F4                      1.21    110.25      0.00    2.7300 RainGage1            IN-F4               
  DA-F5                      1.85     75.23      0.00    3.1000 RainGage1            IN-F5               
  DA-F6                      0.17     36.22      0.00    3.7400 RainGage1            IN-F6               
  DA-F8                      3.42    246.53      0.00    3.5500 RainGage1            IN-F8               
  DA-F9                      0.41    267.95      0.00   22.4400 RainGage1            IN-F9               
  DA-F10                     0.26     46.61      0.00    1.3600 RainGage1            IN-F10              
  DA-F10A                    0.15     29.54      0.00    1.5800 RainGage1            IN-F10A             
  DA-F10B                    0.23     36.09      0.00    1.8100 RainGage1            IN-F10B             
  DA-F10C                    0.20     35.66      0.00    1.7100 RainGage1            IN-F10C             
  DA-F10D                    0.21     37.49      0.00    1.7400 RainGage1            IN-F10D             
  DA-F10E                    0.16     36.77      0.00    1.3600 RainGage1            IN-F10E             
  DA-F10F                    0.33     48.70      0.00    1.7600 RainGage1            IN-F10F             
  DA-F11                     0.90     59.98      0.00    2.1100 RainGage1            IN-F11              
  DA-F12                     0.19     35.88      0.00    0.8700 RainGage1            IN-F12              
  DA-F12B                    0.26     64.82      0.00    1.7300 RainGage1            IN-F12B             
  DA-F13                     0.27    156.76      0.00   14.2700 RainGage1            IN-F13              
  DA-F14                     0.77     45.83      0.00    1.2500 RainGage1            IN-F14              
  DA-F15                     1.72    159.77      0.00    3.5500 RainGage1            IN-F15              
  DA-F16                     0.24     81.01      0.00    0.7800 RainGage1            IN-F16              
  DA-F16B                    0.32     83.96      0.00    1.4000 RainGage1            IN-F16B             
  DA-F16C                    0.22     41.61      0.00    1.3000 RainGage1            IN-F16C             
  DA-F17                     0.28     21.34      0.00    1.7700 RainGage1            IN-F17              
  DA-F18                     1.64    169.96      0.00    3.8100 RainGage1            IN-F18              
  DA-F18B                    2.52    372.74      0.00    3.1500 RainGage1            IN-F18B             
  DA-F19                     0.29     50.47      0.00    1.2000 RainGage1            IN-F19              
  DA-F20                     1.51    115.52      0.00    0.8800 RainGage1            IN-F20              
  DA-F21                     0.32     45.92      0.00    2.0500 RainGage1            IN-F21              
  DA-F22                     0.38     25.78      0.00    1.2300 RainGage1            IN-F22              
  DA-F23                     0.38     96.60      0.00    1.6700 RainGage1            IN-F23              
  DA-F23B                    0.45     85.03      0.00    0.5200 RainGage1            IN-F23B             
  DA-F24                     0.30     30.45      0.00    0.6300 RainGage1            IN-F24              
  DA-F25                     4.30    438.03      0.00    0.7000 RainGage1            IN-F25              
  DA-F26                     8.45    540.34      0.00    0.5900 RainGage1            IN-F26              
  DA-F27                     0.89     39.08      0.00    0.7100 RainGage1            IN-F27              
  DA-F28                     1.01    480.05      0.00    3.2800 RainGage1            IN-F28              
  DA-F29A                    0.70     51.36      0.00    1.3600 RainGage1            IN-F29A             
  DA-F29B                    0.70     51.36      0.00    1.3600 RainGage1            IN-F29B             
  DA-F30                     1.25    181.90      0.00    2.3400 RainGage1            IN-F30              
  DA-F31                     1.05     94.50      0.00    1.6500 RainGage1            IN-F31              
  DA-F32                     0.46     55.72      0.00    0.2500 RainGage1            IN-F32              
  DA-F33A                    0.47    105.51      0.00    0.5100 RainGage1            IN-F33A             
  DA-F33B                    0.76     90.67      0.00    0.2700 RainGage1            IN-F33B             
  DA-F33C                    1.61    355.61      0.00    1.0100 RainGage1            IN-F33C             
  DA-F34                     1.00    211.73      0.00    0.2400 RainGage1            IN-F34              
  DA-F35                     0.29     33.58      0.00    2.2400 RainGage1            IN-F35              
  DA-F37                     0.92     45.94      0.00    1.5500 RainGage1            IN-F37              
  DA-F38                     1.39     72.53      0.00    0.3600 RainGage1            IN-F38              
  DA-F39                     2.77    152.98      0.00    0.6300 RainGage1            IN-F39              
  DA-F40                     0.65    127.04      0.00    2.1300 RainGage1            IN-F40              
  DA-F41                     3.09     99.10      0.00    1.2500 RainGage1            IN-F41              
  DA-F42                     0.69     39.48      0.00    0.3300 RainGage1            IN-F42              
  DA-F43                     2.77    105.15      0.00    2.0900 RainGage1            IN-F43              
  DA-F44A                    0.57     30.89      0.00    0.6200 RainGage1            IN-F44A             
  DA-F45A                    2.12    109.21      0.00    0.4700 RainGage1            IN-F45A             
  DA-F45B                    2.12    109.21      0.00    0.4700 RainGage1            IN-F45B             
  DA-F45C                    2.12    109.21      0.00    0.4700 RainGage1            IN-F45C             
  DA-F46                    21.01   1255.40      0.00    2.2100 RainGage1            IN-F46              
  DA-F47                     0.99     86.35      0.00    3.2200 RainGage1            IN-F47              
  DA-F48                    22.37    862.63      0.00    2.1500 RainGage1            IN-F48              
  DA-F49                     0.96     35.43      0.00    0.3800 RainGage1            IN-F49              
  DA-F50                     2.74    100.34      0.00    0.5900 RainGage1            IN-F50              
  DA-F51                    18.97    855.80      0.00    2.4900 RainGage1            IN-F51              
  DA-F52                     1.37    165.14      0.00    4.7100 RainGage1            IN-F52              
  DA-F52B                    1.27    252.28      0.00    5.3500 RainGage1            IN-F52B             
  DA-F44B                    1.14     61.78      0.00    0.6300 RainGage1            IN-F44B             
  DA-F53                     0.29    258.68      0.00   15.6800 RainGage1            IN-F53              
  DA-F54                     1.00    202.92      0.00    9.0000 RainGage1            IN-F54              
  DA-F55                    10.68    417.98      0.00    2.1100 RainGage1            IN-F55              
  DA-F56                     1.27     35.77      0.00    0.5200 RainGage1            IN-F56              
  DA-F57A                    0.27     32.07      0.00    1.3000 RainGage1            IN-F57A             
  DA-F57B                    0.27     32.07      0.00    1.3000 RainGage1            IN-F57B             
  DA-F58                     0.73     81.63      0.00    1.0200 RainGage1            IN-F58              
  DA-F59                     1.20     66.57      0.00    2.0400 RainGage1            IN-F59              
  DA-F60                     2.62    121.59      0.00    0.9100 RainGage1            IN-F60              
  DA-F61                     1.54     66.13      0.00    0.4700 RainGage1            IN-F61              
  DA-F62                     3.84    100.80      0.00    0.6000 RainGage1            IN-F62              
  DA-F63                     1.12    139.56      0.00    4.1400 RainGage1            IN-F63              
  DA-F63A                    3.40    255.81      0.00    2.3300 RainGage1            IN-F63A             
  DA-F63B                    3.44    253.55      0.00    3.0400 RainGage1            IN-F63B             
  DA-F64                     1.81    142.16      0.00    1.9800 RainGage1            IN-F64              
  DA-F65                     0.79     55.73      0.00    1.9600 RainGage1            IN-F65              
  DA-F66                     0.88    107.14      0.00    5.0900 RainGage1            IN-F66              
  DA-F67                     0.38     46.11      0.00    1.9600 RainGage1            IN-F67              
  DA-F68                     5.50    364.58      0.00    1.8600 RainGage1            IN-F68              
  DA-F69                     7.58    836.24      0.00    3.2900 RainGage1            IN-F69              
  DA-F70                     1.64     58.10      0.00    0.6100 RainGage1            IN-F70              
  DA-F70B                    3.94    128.04      0.00    0.9700 RainGage1            IN-F70B             
  DA-F71                     1.70    125.67      0.00    7.1100 RainGage1            IN-F71              
  DA-F72                     1.22     85.77      0.00    1.9700 RainGage1            IN-F72              
  DA-F74                     2.31     85.97      0.00    0.6900 RainGage1            IN-F74              
  DA-F75                     4.29    165.54      0.00    0.7100 RainGage1            IN-F75              
  DA-F76                     0.38     37.67      0.00    2.8400 RainGage1            IN-F76              
  DA-F77                     3.88    116.88      0.00    1.5200 RainGage1            IN-F77              
  DA-F78                     1.36     59.23      0.00    0.6000 RainGage1            IN-F78              
  DA-F79                     4.62    137.21      0.00    1.5000 RainGage1            IN-F79              
  DA-F80                     0.48     35.11      0.00    2.1800 RainGage1            IN-F80              
  DA-F81                     0.49     31.48      0.00    1.7600 RainGage1            IN-F81              
  DA-F82                     0.93     35.90      0.00    1.6000 RainGage1            IN-F82              
  DA-F83                     3.95    143.07      0.00    0.6600 RainGage1            IN-F83              
  DA-F84                     2.36     51.98      0.00    1.0100 RainGage1            IN-F84              
  DA-F85                     4.51    165.81      0.00    0.7600 RainGage1            IN-F85              
  DA-E1                      0.53     80.15      0.00    0.6900 RainGage1            IN-E1               
  DA-E2                      0.76    174.64      0.00    1.0600 RainGage1            IN-E2               
  DA-E3                      0.16     56.94      0.00    1.2000 RainGage1            IN-E3               
  DA-E4                      0.44    101.32      0.00    0.6500 RainGage1            IN-E4               
  DA-E5                      0.92    120.64      0.00    0.6900 RainGage1            IN-E5               
  DA-E6                      0.32     75.44      0.00    1.0300 RainGage1            IN-E6               
  DA-E7                      0.33     68.99      0.00    0.9600 RainGage1            IN-E7               
  DA-E8                      0.19    125.35      0.00    0.3900 RainGage1            IN-E8               
  DA-E9                      0.12     84.64      0.00    1.5800 RainGage1            IN-E9               
  DA-E10                     0.52    112.22      0.00    0.5000 RainGage1            IN-E10              
  DA-E11                     0.49    117.62      0.00    0.6900 RainGage1            IN-E11              
  DA-E12                     0.61    140.44      0.00    0.9000 RainGage1            IN-E12              
  DA-E13                     0.77    131.65      0.00    0.7900 RainGage1            IN-E13              
  DA-E14                     0.27     98.37      0.00    1.2400 RainGage1            IN-E14              
  DA-E15                     0.24     89.76      0.00    1.0800 RainGage1            IN-E15              
  DA-H1                      0.44     80.03      0.00    0.8400 RainGage1            IN-H1               
  DA-H2                      0.96    155.01      0.00    0.7400 RainGage1            IN-H2               
  DA-H3                      0.42     53.32      0.00    0.5800 RainGage1            IN-H3               
  DA-H4                      0.54    124.63      0.00    1.1900 RainGage1            IN-H4               
  DA-H5                      1.06    137.15      0.00    0.8900 RainGage1            IN-H5               
  DA-H6                      0.58     74.08      0.00    0.9100 RainGage1            IN-H6               
  DA-H7                      1.60    208.21      0.00    1.2000 RainGage1            IN-H7               
  DA-H8                      0.30    156.60      0.00    2.3900 RainGage1            IN-H8               
  DA-H9                      0.38    133.96      0.00    1.2000 RainGage1            IN-H9               
  DA-H10                     1.45    563.43      0.00    0.8900 RainGage1            IN-H10              
  DA-G1                      0.73     58.47      0.00    0.7800 RainGage1            IN-G1               
  DA-G2                      3.52    208.27      0.00    0.2000 RainGage1            IN-G2               
  DA-G3                      1.80    201.88      0.00    0.9700 RainGage1            IN-G3               
  DA-G4                      2.17    204.57      0.00    0.2200 RainGage1            IN-G4               
  DA-G5                      0.53     69.19      0.00    0.2600 RainGage1            IN-G5               
  DA-G6                      0.91    319.34      0.00    3.6200 RainGage1            IN-G6               
  DA-G7                      0.54    166.70      0.00    3.5700 RainGage1            IN-G7               
  DA-G8                      0.34    100.17      0.00    0.8400 RainGage1            IN-G8               
  DA-G9                      0.36     78.17      0.00    0.1200 RainGage1            IN-G9               
  DA-G10                     1.14    121.12      0.00    0.3700 RainGage1            IN-G10              
  DA-G11                     2.84    233.36      0.00    0.5700 RainGage1            IN-G11              
  DA-G12                     0.89    105.48      0.00    0.1000 RainGage1            IN-G12              
  DA-G13                     1.28    148.03      0.00    0.1000 RainGage1            IN-G13              
  DA-G14                     0.44     94.07      0.00    0.3500 RainGage1            IN-G14              
  DA-G15                     0.23    109.02      0.00    1.0700 RainGage1            IN-G15              
  DA-G16                     0.41    169.73      0.00    0.4700 RainGage1            IN-G16              
  DA-G17                     0.64    116.52      0.00    0.2100 RainGage1            IN-G17              
  DA-G18                     0.62    140.14      0.00    0.5200 RainGage1            IN-G18              
  DA-G19                     0.35    103.48      0.00    0.3400 RainGage1            IN-G19              
  DA-1118                   12.41    382.56      0.00    0.4200 RainGage1            IN_1118             
  DA-1119                   18.64    537.25      0.00    0.2600 RainGage1            IN_1119             
  DA-1120                   14.04    311.81      0.00    0.2300 RainGage1            IN_1120             
  DA-1121                    4.73    477.23      0.00    0.9300 RainGage1            IN_1121             
  DA-C1                      1.04     96.77      0.00    0.2100 RainGage1            IN-C1               
  DA-C2                      4.96    137.39      0.00    0.1000 RainGage1            IN-C2               
  DA-C3                      0.12     22.68      0.00    2.4100 RainGage1            IN-C3               
  DA-C4                      1.61    126.87      0.00    0.0500 RainGage1            IN-C4               
  DA-C5                      1.15    130.87      0.00    0.2700 RainGage1            IN-C5               
  DA-C6                      0.91    103.92      0.00    0.1600 RainGage1            IN-C6               
  DA-C7                      3.13    356.78      0.00    0.4200 RainGage1            IN-C7               
  DA-C8                      0.60     44.71      0.00    0.4200 RainGage1            IN-C8               
  DA-C9                     12.87    304.13      0.00    0.3100 RainGage1            IN-C9               
  DA-C10                     0.25     29.47      0.00    0.0500 RainGage1            IN-C10              
  DA-C11                     1.99    134.61      0.00    0.4200 RainGage1            IN-C11              
  DA-C12                     1.63    110.54      0.00    0.1700 RainGage1            IN-C12              
  DA-C13                     0.99    114.91      0.00    0.1300 RainGage1            IN-C13              
  DA-C14                     0.59     68.72      0.00    0.2400 RainGage1            IN-C14              
  DA-C15                     1.69    178.91      0.00    0.2900 RainGage1            IN-C15              
  DA-C16                     0.73     87.57      0.00    0.1900 RainGage1            IN-C16              
  DA-C17                     0.49     58.47      0.00    0.1100 RainGage1            IN-C17              
  DA-C18                     2.36    233.57      0.00    0.2500 RainGage1            IN-C18              
  DA-C19b                    5.25    145.57      0.00    0.2400 RainGage1            IN-C19B             
  DA-C19a                    5.25    145.57      0.00    0.2400 RainGage1            IN-C19A             
  DA-C20                     1.32    136.30      0.00    0.2400 RainGage1            IN-C20              
  LINE-S                   124.91   1004.35      0.00    0.4800 RainGage1            PlayaLake44         
  LINE-R                   197.32   1299.43      0.00    0.4200 RainGage1            PlayaLake44         
  LINE-P                     0.74     49.65      0.00    1.0000 RainGage1            PlayaLake44         
  LINE-W                    58.10    852.38      0.00    0.5600 RainGage1            PlayaLake44b        
  C-2                      135.82   1186.32      0.00    0.5600 RainGage1            PlayaLake44b        
  LATQ1                      2.85    183.31      0.00    0.3000 RainGage1            PlayaLake44b        
  LAT-Q2                     0.86    137.00      0.00    0.7300 RainGage1            PlayaLake44         
  Campus_01                 46.09    367.18    100.00    0.2700 RainGage1            IN_4337             
  Campus_02                 46.09    367.18      0.00    0.2700 RainGage1            IN_4749             
  Campus_03                 46.09    367.18      0.00    0.2700 RainGage1            IN_4748             
  JONES-DRAIN                6.50     53.20    100.00    0.5000 RainGage1            JONES-STORE         
  
  
  ************
  Node Summary
  ************
                                           Invert      Max.    Ponded    External
  Name                 Type                 Elev.     Depth      Area    Inflow  
  -------------------------------------------------------------------------------
  1                    OUTFALL            3162.78      4.00       0.0
  ConcreteChannel      OUTFALL            3220.38      3.00       0.0
  PlayaLake44          STORAGE            3213.50     12.50       0.0
  PlayaLake44b         STORAGE            3216.00     10.00       0.0
  IN_4337              STORAGE            3211.08     10.00       0.0
  IN_4749              STORAGE            3211.13     10.00       0.0
  IN_4748              STORAGE            3210.35     10.00       0.0
  IN-F79               STORAGE            3178.84     31.16       0.0
  IN-F78               STORAGE            3177.90     18.13       0.0
  IN-F77               STORAGE            3182.33     27.67       0.0
  IN-F48               STORAGE            3201.86      6.00       0.0
  IN-F41               STORAGE            3197.50      8.00       0.0
  IN-F43               STORAGE            3197.35      8.00       0.0
  IN_1120              STORAGE            3208.27     10.00       0.0
  IN_1118              STORAGE            3210.09     10.00       0.0
  IN_1119              STORAGE            3208.76     10.00       0.0
  IN-C9                STORAGE            3203.30      8.00       0.0
  IN-F46               STORAGE            3200.53     12.00       0.0
  IN-G2                STORAGE            3211.71      5.00       0.0
  IN-G3                STORAGE            3209.04      7.00       0.0
  IN-G4                STORAGE            3208.78      7.00       0.0
  JC3                  STORAGE            3201.20     10.00       0.0
  JBG1                 STORAGE            3200.13     12.00       0.0
  IN_1121              STORAGE            3207.12     10.00       0.0
  IN-G12               STORAGE            3205.29     11.00       0.0
  IN-C3                STORAGE            3205.33     10.00       0.0
  IN-C1                STORAGE            3204.67     10.00       0.0
  IN-C2                STORAGE            3206.52     10.00       0.0
  MC1                  STORAGE            3204.52     10.00       0.0
  IN-C4                STORAGE            3203.61     10.00       0.0
  JC1                  STORAGE            3202.91     10.00       0.0
  JC2                  STORAGE            3201.92     10.00       0.0
  IN-C8                STORAGE            3201.30     10.00       0.0
  JC4                  STORAGE            3201.10     10.00       0.0
  IN-C11               STORAGE            3200.39     10.00       0.0
  JC5                  STORAGE            3200.21     10.00       0.0
  JC6                  STORAGE            3200.02     10.00       0.0
  IN-C14               STORAGE            3198.83     10.00       0.0
  JC7                  STORAGE            3198.67     10.00       0.0
  JC8                  STORAGE            3198.57     10.00       0.0
  IN-C17               STORAGE            3197.80     10.00       0.0
  JC9                  STORAGE            3197.63     10.00       0.0
  MH_30                STORAGE            3169.90     44.40       0.0
  IN-G1                STORAGE            3208.59     10.00       0.0
  MG1                  STORAGE            3208.26     10.00       0.0
  JG1                  STORAGE            3207.82     10.00       0.0
  IN-G5                STORAGE            3207.06     10.00       0.0
  IN-G6                STORAGE            3206.80     10.00       0.0
  IN-G7                STORAGE            3205.56      6.17       0.0
  IN-G8                STORAGE            3205.31      6.17       0.0
  IN-G9                STORAGE            3204.43     10.00       0.0
  IN-G10               STORAGE            3199.26     20.00       0.0
  IN-G11               STORAGE            3204.53     10.00       0.0
  IN-C12               STORAGE            3201.94      4.67       0.0
  201                  STORAGE            3209.57     10.00       0.0
  203                  STORAGE            3210.31     10.00       0.0
  205                  STORAGE            3210.88     10.00       0.0
  IN-G14               STORAGE            3201.45     12.00       0.0
  IN-G15               STORAGE            3202.69     12.00       0.0
  IN-G16               STORAGE            3202.99     12.00       0.0
  IN-G17               STORAGE            3203.78     12.00       0.0
  IN-G18               STORAGE            3204.28     12.00       0.0
  IN-G19               STORAGE            3204.65     12.00       0.0
  IN-G13               STORAGE            3204.89     12.00       0.0
  IN-F75               STORAGE            3186.50      8.50       0.0
  JONES-STORE          STORAGE            3176.00     16.00       0.0
  MF12                 STORAGE            3176.01     17.44       0.0
  MH_5339              STORAGE            3207.01     15.00       0.0
  MF1                  STORAGE            3203.80     32.91       0.0
  MF1B                 STORAGE            3203.08     22.23       0.0
  IN-F2                STORAGE            3223.13      4.50       0.0
  IN-F2B               STORAGE            3226.47      3.00       0.0
  IN-F3                STORAGE            3221.47      4.00       0.0
  IN-F3B               STORAGE            3217.91      3.00       0.0
  IN-F4                STORAGE            3212.34      3.50       0.0
  JF2                  STORAGE            3202.44     13.06       0.0
  IN-F5                STORAGE            3206.15      8.00       0.0
  IN-F6                STORAGE            3206.95     17.16       0.0
  BEND_BF2             STORAGE            3205.13      6.37       0.0
  JF4                  STORAGE            3202.01      9.99       0.0
  BEND_BF3             STORAGE            3201.99      9.51       0.0
  BEND_BF1             STORAGE            3202.07      9.93       0.0
  IN-F8                STORAGE            3203.33      3.00       0.0
  MF2                  STORAGE            3201.26      8.59       0.0
  IN-F9                STORAGE            3202.74     14.49       0.0
  JF5                  STORAGE            3200.97      8.03       0.0
  IN-F10               STORAGE            3203.75      4.00       0.0
  JF6                  STORAGE            3200.81      7.99       0.0
  JF7                  STORAGE            3200.78      8.02       0.0
  IN-F11               STORAGE            3203.21      4.00       0.0
  BEND_BF5             STORAGE            3204.02      3.98       0.0
  IN-F12               STORAGE            3204.43      3.50       0.0
  IN-F13               STORAGE            3205.30     19.82       0.0
  BEND_BF8             STORAGE            3202.19     11.81       0.0
  BEND_BF6             STORAGE            3200.56      8.44       0.0
  BEND_BF7             STORAGE            3200.47      9.23       0.0
  JF8                  STORAGE            3200.44      9.31       0.0
  IN-F10A              STORAGE            3203.54      5.00       0.0
  IN-F10B              STORAGE            3204.64      5.00       0.0
  MF2B                 STORAGE            3200.20     10.51       0.0
  IN-F12B              STORAGE            3204.15      5.00       0.0
  IN-F15               STORAGE            3206.10      4.00       0.0
  IN-F14               STORAGE            3201.62     10.01       0.0
  JF9                  STORAGE            3199.88     13.12       0.0
  IN-F10C              STORAGE            3207.10      5.00       0.0
  JBF3                 STORAGE            3207.16     15.84       0.0
  IN-F16               STORAGE            3223.10      5.67       0.0
  JF10                 STORAGE            3199.58     15.92       0.0
  IN-F10D              STORAGE            3208.30      6.00       0.0
  JBF7                 STORAGE            3208.51     14.99       0.0
  IN-F16B              STORAGE            3220.71      5.67       0.0
  JF10B                STORAGE            3199.28     18.22       0.0
  IN-F10E              STORAGE            3210.05      6.50       0.0
  JBF4                 STORAGE            3210.40      9.60       0.0
  IN-F16C              STORAGE            3216.40      6.50       0.0
  IN-F18B              STORAGE            3210.74      5.00       0.0
  IN-F18               STORAGE            3207.27      3.00       0.0
  MF3                  STORAGE            3198.53     21.05       0.0
  IN-F10F              STORAGE            3211.69      6.50       0.0
  IN-F17               STORAGE            3211.72      7.91       0.0
  JF11                 STORAGE            3198.32     22.43       0.0
  IN-F19               STORAGE            3217.23      3.00       0.0
  JF12                 STORAGE            3197.97     24.03       0.0
  IN-F21               STORAGE            3214.46      5.00       0.0
  IN-F23               STORAGE            3219.41      5.17       0.0
  IN-F20               STORAGE            3220.46      3.00       0.0
  IN-F23B              STORAGE            3218.98      7.57       0.0
  IN-F24               STORAGE            3217.77      9.66       0.0
  JBF10                STORAGE            3208.89     18.61       0.0
  MF4                  STORAGE            3196.92     22.04       0.0
  JF13                 STORAGE            3197.22     23.28       0.0
  IN-F22               STORAGE            3218.29      3.00       0.0
  IN-F35               STORAGE            3206.73     17.59       0.0
  JF16                 STORAGE            3196.59     19.91       0.0
  IN-F37               STORAGE            3199.77      8.00       0.0
  JF17                 STORAGE            3195.94     13.06       0.0
  IN-F45C              STORAGE            3218.93      5.67       0.0
  IN-F45B              STORAGE            3218.43      6.17       0.0
  IN-F45A              STORAGE            3217.93      6.67       0.0
  IN-F44B              STORAGE            3217.38      7.17       0.0
  IN-F44A              STORAGE            3217.22      7.33       0.0
  BEND_BF15            STORAGE            3215.36     11.14       0.0
  BEND_BF14            STORAGE            3214.48     11.52       0.0
  MF6C                 STORAGE            3214.08      9.73       0.0
  JBF15                STORAGE            3197.44     22.06       0.0
  IN-F42               STORAGE            3196.25      8.50       0.0
  MF6                  STORAGE            3195.23     11.19       0.0
  JBF14                STORAGE            3197.57     27.68       0.0
  MF6B                 STORAGE            3214.94      9.70       0.0
  IN-F40               STORAGE            3215.05     10.45       0.0
  BEND_BF11            STORAGE            3215.84      9.66       0.0
  BEND_BF10            STORAGE            3216.04     10.96       0.0
  IN-F39               STORAGE            3217.16      6.67       0.0
  IN-F38               STORAGE            3218.04      5.67       0.0
  JF18                 STORAGE            3194.45     13.05       0.0
  JF20                 STORAGE            3194.24     13.76       0.0
  JF19                 STORAGE            3199.09     13.91       0.0
  IN-F47               STORAGE            3210.04      3.00       0.0
  IN-F50               STORAGE            3201.67      3.00       0.0
  IN-F49               STORAGE            3195.22     12.30       0.0
  JF20B                STORAGE            3192.57     16.43       0.0
  JF21                 STORAGE            3192.27     17.63       0.0
  IN-F51               STORAGE            3202.37      3.00       0.0
  IN-F52               STORAGE            3202.92     16.23       0.0
  MF7                  STORAGE            3192.01     18.19       0.0
  IN-F52B              STORAGE            3202.50     14.98       0.0
  JF22                 STORAGE            3191.09     19.91       0.0
  JF23                 STORAGE            3189.80     23.20       0.0
  IN-F53               STORAGE            3204.57     14.21       0.0
  MF8                  STORAGE            3189.48     23.20       0.0
  IN-F54               STORAGE            3205.52      3.00       0.0
  IN-F25               STORAGE            3211.84     10.18       0.0
  IN-F63A              STORAGE            3200.95     15.77       0.0
  JF23B                STORAGE            3188.32     21.68       0.0
  IN-F63B              STORAGE            3197.53     17.07       0.0
  MF9                  STORAGE            3186.11     15.05       0.0
  IN-F55               STORAGE            3197.89      4.00       0.0
  IN-F63               STORAGE            3196.20     17.01       0.0
  IN-F65               STORAGE            3212.37      5.67       0.0
  IN-F64               STORAGE            3211.03      7.17       0.0
  IN-F66               STORAGE            3202.23      3.50       0.0
  MF10                 STORAGE            3184.01     25.20       0.0
  IN-F67               STORAGE            3203.50      4.00       0.0
  JF28                 STORAGE            3183.63     26.87       0.0
  IN-F68               STORAGE            3202.56      3.00       0.0
  JF26                 STORAGE            3185.15     20.85       0.0
  IN-F57B              STORAGE            3217.89      5.17       0.0
  IN-F60               STORAGE            3196.01      5.00       0.0
  JF24                 STORAGE            3185.69     20.31       0.0
  BEND_BF17            STORAGE            3210.24     19.76       0.0
  JF25                 STORAGE            3185.44     19.81       0.0
  IN-F58               STORAGE            3217.38      5.67       0.0
  IN-F57A              STORAGE            3217.88      5.17       0.0
  IN-F56               STORAGE            3192.19     11.82       0.0
  BEND_BF19            STORAGE            3194.84      6.32       0.0
  IN-F62               STORAGE            3195.16      6.00       0.0
  IN-F59               STORAGE            3196.19     16.01       0.0
  IN-F61               STORAGE            3191.05     13.03       0.0
  BEND_BF18            STORAGE            3194.11     11.89       0.0
  BEND_BF21            STORAGE            3210.53      7.47       0.0
  BEND_BF20            STORAGE            3204.87      7.38       0.0
  JF27                 STORAGE            3201.24      6.76       0.0
  JF29                 STORAGE            3183.39     27.61       0.0
  IN-H1                STORAGE            3212.65      4.67       0.0
  IN-H2                STORAGE            3212.17      4.67       0.0
  JF30                 STORAGE            3180.31     23.69       0.0
  IN-F70               STORAGE            3194.36      7.00       0.0
  IN-F69               STORAGE            3200.85      3.00       0.0
  MF11                 STORAGE            3181.61     26.18       0.0
  IN-H3                STORAGE            3199.58     16.67       0.0
  IN-H4                STORAGE            3213.10      4.00       0.0
  JH1                  STORAGE            3207.48      7.72       0.0
  IN-H5                STORAGE            3209.12      7.00       0.0
  IN-H6                STORAGE            3207.59      8.17       0.0
  IN-H7                STORAGE            3208.43      6.67       0.0
  IN-H8                STORAGE            3208.67      6.17       0.0
  IN-H9                STORAGE            3209.42      5.17       0.0
  IN-H10               STORAGE            3209.69      4.67       0.0
  IN-F70B              STORAGE            3194.70      4.00       0.0
  IN-F72               STORAGE            3199.47      4.00       0.0
  JF32                 STORAGE            3179.19     21.81       0.0
  IN-F71               STORAGE            3197.40      3.00       0.0
  JF31                 STORAGE            3179.55     22.45       0.0
  JF33                 STORAGE            3177.75     18.00       0.0
  IN-F74               STORAGE            3185.16      8.50       0.0
  IN-F76               STORAGE            3184.36     20.35       0.0
  BEND_G               STORAGE            3204.76      6.24       0.0
  MF13                 STORAGE            3174.61     35.39       0.0
  IN-F80               STORAGE            3179.37     25.69       0.0
  IN-F82               STORAGE            3187.56      3.00       0.0
  JF34                 STORAGE            3174.02     17.98       0.0
  JF35                 STORAGE            3179.37     12.13       0.0
  IN-F81               STORAGE            3182.27     19.25       0.0
  JG3                  STORAGE            3201.30     12.00       0.0
  JG2                  STORAGE            3200.06      9.94       0.0
  JBG2                 STORAGE            3204.51     12.00       0.0
  BEND-BF22            STORAGE            3173.02     32.98       0.0
  IN-C5                STORAGE            3206.65      4.67       0.0
  IN-C6                STORAGE            3206.03      5.17       0.0
  BEND-BF23            STORAGE            3172.09     29.41       0.0
  MF14                 STORAGE            3171.66     36.09       0.0
  IN-E1                STORAGE            3203.11      5.17       0.0
  IN-E2                STORAGE            3201.41      5.67       0.0
  IN-E3                STORAGE            3201.30      5.67       0.0
  M-26                 STORAGE            3170.70     36.44       0.0
  IN-E9                STORAGE            3193.62     12.46       0.0
  IN-E8                STORAGE            3200.52      5.67       0.0
  JE1                  STORAGE            3196.75      9.00       0.0
  IN-C13               STORAGE            3201.82      4.67       0.0
  IN-C10               STORAGE            3203.11      4.67       0.0
  IN-C7                STORAGE            3204.93      5.17       0.0
  IN-E7                STORAGE            3198.09      8.17       0.0
  IN-E6                STORAGE            3199.25      7.17       0.0
  IN-E5                STORAGE            3199.87      6.67       0.0
  IN-E4                STORAGE            3200.48      6.17       0.0
  IN-C15               STORAGE            3201.24      6.00       0.0
  IN-C16               STORAGE            3201.45      4.67       0.0
  IN-F83               STORAGE            3196.15      3.00       0.0
  IN-C18               STORAGE            3200.20      4.67       0.0
  IN-C19B              STORAGE            3199.88      4.67       0.0
  IN-C19A              STORAGE            3199.81      4.67       0.0
  JC10                 STORAGE            3198.55      5.45       0.0
  IN-C20               STORAGE            3198.94      5.17       0.0
  IN-E15               STORAGE            3197.31      6.67       0.0
  IN-E14               STORAGE            3196.74      7.17       0.0
  IN-E13               STORAGE            3195.17      8.67       0.0
  MH-MF28              STORAGE            3170.10     30.40       0.0
  EXIST_BEND           STORAGE            3170.20     35.08       0.0
  IN-F84               STORAGE            3195.89      5.50       0.0
  IN-F85               STORAGE            3194.15      5.00       0.0
  IN-E12               STORAGE            3194.69      9.89       0.0
  IN-E11               STORAGE            3194.36     10.74       0.0
  IN-E10               STORAGE            3194.07     11.50       0.0
  MH_5043              STORAGE            3208.20     15.00       0.0
  MH_5447              STORAGE            3166.61     40.51       0.0
  MH_5452              STORAGE            3165.43     39.17       0.0
  MH-33                STORAGE            3164.48     27.24       0.0
  END-OF-PIPES         STORAGE            3164.00      6.00       0.0
  IN-F26               STORAGE            3214.77      6.50       0.0
  IN-F27               STORAGE            3215.28      8.17       0.0
  IN-F28               STORAGE            3215.46      5.50       0.0
  IN-F32               STORAGE            3220.83      4.67       0.0
  MF5                  STORAGE            3216.80      8.90       0.0
  IN-F33B              STORAGE            3217.13      9.17       0.0
  IN-F33A              STORAGE            3220.33      5.67       0.0
  JF14                 STORAGE            3218.16      7.34       0.0
  IN-F33C              STORAGE            3218.43      7.67       0.0
  IN-F31               STORAGE            3222.30      4.67       0.0
  JF15                 STORAGE            3219.60      6.40       0.0
  IN-F34               STORAGE            3220.85      4.67       0.0
  IN-F29B              STORAGE            3220.63      5.67       0.0
  IN-F29A              STORAGE            3221.29      5.01       0.0
  IN-F30               STORAGE            3222.23      5.17       0.0
  BEND_BF16            STORAGE            3217.24      6.00       0.0
  JB_0931              STORAGE            3207.10     15.00       0.0
  JB_0643              STORAGE            3207.40     10.00       0.0
  JB_1120              STORAGE            3207.52     10.00       0.0
  
  
  ************
  Link Summary
  ************
  Name             From Node        To Node          Type            Length    %Slope Roughness
  ---------------------------------------------------------------------------------------------
  RUNOUT           END-OF-PIPES     1                CONDUIT           25.0    4.8858    0.0160
  M-0-5-6          MH-33            END-OF-PIPES     CONDUIT          167.5    0.2866    0.0160
  M-O-4            MH_5452          MH-33            CONDUIT          284.0    0.0880    0.0160
  M-O-3            MH_5447          MH_5452          CONDUIT         1317.5    0.0896    0.0160
  CL-F00           MH-MF28          MH_30            CONDUIT          218.5    0.0915    0.0160
  M-O-2            MH_30            MH_5447          CONDUIT         3686.1    0.0893    0.0160
  LAT-F59a         IN-F85           MH-MF28          CONDUIT          172.7    2.1543    0.0160
  LAT-F59b         IN-F84           IN-F85           CONDUIT           74.5    1.6647    0.0160
  LAT-59c          IN-F83           IN-F84           CONDUIT           74.0    0.3514    0.0160
  CL-F01a          EXIST_BEND       MH-MF28          CONDUIT           24.5    0.4078    0.0160
  CL-F01b          M-26             EXIST_BEND       CONDUIT          639.3    0.0782    0.0160
  CL-F02           MF14             M-26             CONDUIT          820.9    0.1169    0.0160
  CL-F03a          BEND-BF23        MF14             CONDUIT          197.5    0.2177    0.0160
  CL-F03b          BEND-BF22        BEND-BF23        CONDUIT          430.4    0.2161    0.0160
  CL-F03c          JF34             BEND-BF22        CONDUIT          466.1    0.2145    0.0160
  LAT-F57a         JF35             JF34             CONDUIT            8.0    4.3792    0.0160
  LAT-F57b         IN-F81           JF35             CONDUIT           99.5    2.9158    0.0160
  LAT-F58          IN-F82           JF35             CONDUIT           32.3   26.2214    0.0160
  CL-F04           MF13             JF34             CONDUIT          270.4    0.2182    0.0160
  LAT-F55          IN-F77           MF13             CONDUIT           75.0    4.9661    0.0160
  LAT-F56a         IN-F78           MF13             CONDUIT            7.0  -21.7850    0.0350
  LAT-F56b         IN-F79           IN-F78           CONDUIT           87.5    1.0743    0.0160
  LAT-F56c         IN-F80           IN-F79           CONDUIT           10.6    4.9874    0.0160
  CL-G08           IN-G10           IN-F80           CONDUIT           90.5   22.9419    0.0160
  CL-G07           IN-G9            IN-G10           CONDUIT          115.0    0.6087    0.0160
  CL-G06a          BEND_G           IN-G9            CONDUIT           78.1    0.4224    0.0160
  CL-G06b          IN-G8            BEND_G           CONDUIT          130.4    0.4218    0.0160
  CL-G05           IN-G7            IN-G8            CONDUIT           77.0    0.3247    0.0160
  CL-G04           IN-G6            IN-G7            CONDUIT          241.0    0.3071    0.0160
  CL-G03           IN-G5            IN-G6            CONDUIT           78.0    0.3333    0.0160
  CL-G02           JG1              IN-G5            CONDUIT          167.4    0.4540    0.0160
  CL-G01           MG1              JG1              CONDUIT           95.5    0.4608    0.0160
  CL-G00           IN-G1            MG1              CONDUIT           70.1    0.4706    0.0160
  LAT-G1a          IN-G4            JG1              CONDUIT           41.8    1.6984    0.0160
  LAT-G1b          IN-G3            IN-G4            CONDUIT           61.0    0.4262    0.0160
  CL-G09           JG2              IN-G10           CONDUIT           63.1    0.7288    0.0160
  LAT-G2           IN-G11           JG2              CONDUIT           17.3   20.4247    0.0160
  CL-G10           JBG1             JG2              CONDUIT           32.2    0.2171    0.0160
  LAT-G3           JBG2             JBG1             CONDUIT           82.0    4.1280    0.0160
  LAT-G4           IN-G12           JBG2             CONDUIT            5.9    4.7755    0.0160
  CL-G11           JG3              JBG1             CONDUIT           81.7    0.2082    0.0160
  LAT-G5           IN-G13           JG3              CONDUIT          137.0    2.2565    0.0160
  CL-G12           IN-G14           JG3              CONDUIT           73.0    0.2054    0.0160
  CL-G13           IN-G15           IN-G14           CONDUIT           89.0    0.2697    0.0160
  CL-G14           IN-G16           IN-G15           CONDUIT          112.0    0.2679    0.0160
  CL-G15           IN-G17           IN-G16           CONDUIT          308.7    0.2559    0.0160
  CL-G16           IN-G18           IN-G17           CONDUIT          168.0    0.2976    0.0160
  CL-G17           IN-G19           IN-G18           CONDUIT          152.0    0.2434    0.0160
  CL-E01           IN-E1            IN-E2            CONDUIT          192.0    0.8855    0.0160
  CL-E02           IN-E2            IN-E3            CONDUIT           32.0    0.3438    0.0160
  CL-E03           IN-E3            IN-E4            CONDUIT          188.0    0.4362    0.0160
  CL-E04           IN-E4            IN-E5            CONDUIT           60.0    1.0167    0.0160
  CL-E05           IN-E5            IN-E6            CONDUIT           61.0    1.0164    0.0160
  CL-E06           IN-E6            IN-E7            CONDUIT           94.0    1.2341    0.0160
  CL-E07           IN-E7            JE1              CONDUIT           32.9    4.0825    0.0160
  LAT-E1           IN-E8            JE1              CONDUIT           31.7   11.1839    0.0160
  CL-E08           JE1              IN-E9            CONDUIT           67.5    3.8981    0.0160
  CL-E09           IN-E9            M-26             CONDUIT           49.3    2.3952    0.0160
  CL-E10           IN-E10           IN-E9            CONDUIT          219.0    0.2055    0.0160
  CL-E11           IN-E11           IN-E10           CONDUIT          142.5    0.2035    0.0160
  CL-E12           IN-E12           IN-E11           CONDUIT          159.0    0.2075    0.0160
  CL-E13           IN-E13           IN-E12           CONDUIT          226.0    0.2124    0.0160
  CL-E14           IN-E14           IN-E13           CONDUIT           92.0    0.6196    0.0160
  CL-E15           IN-E15           IN-E14           CONDUIT           94.0    0.6064    0.0160
  LAT-F54          IN-F76           MF12             CONDUIT          114.1    2.4997    0.0160
  CL-F05           MF12             MF13             CONDUIT          646.5    0.2165    0.0160
  CL-F06           JF33             MF12             CONDUIT          345.9    0.2139    0.0160
  LAT-F53a         IN-F74           JF33             CONDUIT           12.7   41.9600    0.0160
  LAT-F53b         IN-F75           IN-F74           CONDUIT           70.7    1.8954    0.0160
  CL-F07           JF32             JF33             CONDUIT          670.5    0.2148    0.0160
  LAT-F51          IN-F72           JF32             CONDUIT           75.5   24.2448    0.0160
  CL-F08           JF31             JF32             CONDUIT          166.6    0.2161    0.0160
  LAT-F50          IN-F71           JF31             CONDUIT           42.0   39.4707    0.0160
  CL-F09           JF30             JF31             CONDUIT          344.9    0.2203    0.0160
  LAT-F49b         IN-F70           JF30             CONDUIT           13.5  111.6821    0.0160
  LAT-F49a         IN-F70B          IN-F70           CONDUIT           72.9    0.4662    0.0160
  CL-F10           MF11             JF30             CONDUIT          599.0    0.2170    0.0160
  LAT-F48          IN-F69           MF11             CONDUIT           95.7    0.5018    0.0160
  CL-H00           IN-H1            IN-H2            CONDUIT          126.0    0.3810    0.0160
  CL-H01           IN-H2            IN-H3            CONDUIT          155.0    0.3806    0.0160
  LAT-H1           IN-H4            IN-H3            CONDUIT            4.8   11.3219    0.0160
  CL-H02           JH1              IN-H3            CONDUIT           98.5    0.3350    0.0160
  LAT-H3           IN-H5            JH1              CONDUIT           13.7   10.1686    0.0160
  CL-H03           IN-H6            JH1              CONDUIT           31.5    0.3492    0.0160
  CL-H04           IN-H7            IN-H6            CONDUIT          257.6    0.3261    0.0160
  CL-H05           IN-H8            IN-H7            CONDUIT          100.0    0.2400    0.0160
  CL-H06           IN-H9            IN-H8            CONDUIT           95.0    0.2632    0.0160
  CL-H07           IN-H10           IN-H9            CONDUIT           85.0    0.3176    0.0160
  LAT-H2           IN-H3            MF11             CONDUIT          183.3    1.4899    0.0160
  CL-F11           JF29             MF11             CONDUIT          830.9    0.2142    0.0160
  LAT-F47          IN-F68           JF29             CONDUIT           95.5   15.5458    0.0160
  CL-F12           JF28             JF29             CONDUIT          119.7    0.2005    0.0160
  LAT-F46          IN-F67           JF28             CONDUIT          123.7   12.5160    0.0160
  CL-F13           MF10             JF28             CONDUIT          170.4    0.2230    0.0160
  LAT-F44a         JF27             MF10             CONDUIT          105.6    7.8158    0.0160
  LAT-F45          IN-F66           JF27             CONDUIT           25.0    1.9596    0.0160
  LAT-F44b         BEND_BF20        JF27             CONDUIT           18.1    4.4846    0.0160
  LAT-F44c         BEND_BF21        BEND_BF20        CONDUIT          136.0    4.1654    0.0160
  LAT-F44d         IN-F64           BEND_BF21        CONDUIT            9.7    5.1829    0.0160
  LAT-F44e         IN-F65           IN-F64           CONDUIT           64.6    2.0760    0.0160
  CL-F14           JF26             MF10             CONDUIT          526.5    0.2165    0.0160
  LAT-F43a         IN-F61           JF26             CONDUIT            6.0   98.0196    0.0160
  LAT-F43b         BEND_BF18        IN-F61           CONDUIT            6.4    0.9420    0.0160
  LAT-F43c         BEND_BF19        BEND_BF18        CONDUIT          117.6    0.6207    0.0160
  LAT-F43d         IN-F62           BEND_BF19        CONDUIT           47.8    0.6692    0.0160
  LAT-F43e         IN-F63           IN-F62           CONDUIT            5.5    0.7273    0.0160
  CL-F15           JF25             JF26             CONDUIT          134.4    0.2158    0.0160
  LAT-F42a         IN-F60           JF25             CONDUIT           82.2    9.8565    0.0160
  LAT-F42b         IN-F59           IN-F60           CONDUIT            6.5    2.7703    0.0160
  LAT-F42c         BEND_BF17        IN-F59           CONDUIT           64.9    1.6017    0.0160
  LAT-F42d         BEND_BF16        BEND_BF17        CONDUIT          449.7    1.5566    0.0160
  LAT-F42e         IN-F58           BEND_BF16        CONDUIT            7.5    1.8670    0.0160
  LAT-F42f         IN-F57A          IN-F58           CONDUIT           60.5    0.8265    0.0160
  LAT-F42g         IN-F57B          IN-F57A          CONDUIT            1.0    1.0001    0.0160
  CL-F16           JF24             JF25             CONDUIT          115.6    0.2162    0.0160
  LAT-F41          IN-F56           JF24             CONDUIT            6.0   80.4153    0.0160
  CL-F17           MF9              JF24             CONDUIT          197.7    0.2125    0.0160
  LAT-F40          IN-F55           MF9              CONDUIT           84.9    0.4946    0.0160
  LAT-F40B         IN-F63B          MF9              CONDUIT          102.6    0.5264    0.0160
  CL-F18           JF23B            MF9              CONDUIT          559.9    0.2161    0.0160
  LAT-F39B         IN-F63A          JF23B            CONDUIT          108.2    9.8703    0.0160
  CL-F19           MF8              JF23B            CONDUIT          539.7    0.2149    0.0160
  LAT-F39          IN-F54           MF8              CONDUIT           71.9    0.4731    0.0160
  CL-F20           JF23             MF8              CONDUIT          144.2    0.2220    0.0160
  LAT-F38          IN-F53           JF23             CONDUIT          111.0   11.5814    0.0160
  CL-F21           JF22             JF23             CONDUIT          664.5    0.1941    0.0160
  LAT-F37          IN-F52B          JF22             CONDUIT          110.5    8.5469    0.0160
  CL-F22           MF7              JF22             CONDUIT          426.5    0.2157    0.0160
  LAT-F36B         IN-F52           MF7              CONDUIT          116.6    0.5316    0.0160
  CL-F23           JF21             MF7              CONDUIT          120.3    0.2162    0.0160
  LAT-F36          IN-F51           JF21             CONDUIT           85.4    7.4934    0.0160
  CL-F24           JF20B            JF21             CONDUIT          144.7    0.2074    0.0160
  LAT-F35a         IN-F49           JF20B            CONDUIT            5.6   11.5667    0.0160
  LAT-F35b         IN-F50           IN-F49           CONDUIT           99.7    6.4830    0.0160
  CL-F25           JF20             JF20B            CONDUIT          305.9    0.2191    0.0160
  LAT-F34          IN-F48           JF20             CONDUIT           58.7   10.5140    0.0160
  CL-F26           JF18             JF20             CONDUIT          101.5    0.2069    0.0160
  LAT-F32a         JF19             JF18             CONDUIT          100.2    3.1365    0.0160
  LAT-F33          IN-F47           JF19             CONDUIT           44.1   25.6017    0.0160
  LAT-F32b         IN-F46           JF19             CONDUIT           46.4    3.1023    0.0160
  CL-F27           MF6              JF18             CONDUIT          357.3    0.2183    0.0160
  LAT-F30a         IN-F41           MF6              CONDUIT           65.0    2.0466    0.0160
  LAT-F30b         JBF14            IN-F41           CONDUIT           11.2    0.6273    0.0160
  LAT-F30c         MF6B             JBF14            CONDUIT           73.0    0.3696    0.0160
  LAT-F30d         IN-F40           MF6B             CONDUIT           31.9    0.3454    0.0160
  LAT-F30e         BEND_BF11        IN-F40           CONDUIT           80.5    0.3604    0.0160
  LAT-F30f         BEND_BF10        BEND_BF11        CONDUIT           55.5    0.3602    0.0160
  LAT-F30g         IN-F39           BEND_BF10        CONDUIT          307.0    0.3648    0.0160
  LAT-F30h         IN-F38           IN-F39           CONDUIT          110.5    0.7964    0.0160
  LAT-F31a         IN-F42           MF6              CONDUIT            7.0    0.4286    0.0160
  LAT-F31b         IN-F43           IN-F42           CONDUIT           81.0    0.7409    0.0160
  LAT-F31c         JBF15            IN-F43           CONDUIT            9.8    0.9175    0.0160
  LAT-F31d         MF6C             JBF15            CONDUIT           58.8    1.2765    0.0160
  LAT-F31e         BEND_BF14        MF6C             CONDUIT           38.7    1.0328    0.0160
  LAT-F31f         BEND_BF15        BEND_BF14        CONDUIT           87.7    1.0037    0.0160
  LAT-F31g         IN-F44A          BEND_BF15        CONDUIT          181.8    1.0229    0.0160
  LAT-F31h         IN-F44B          IN-F44A          CONDUIT           11.0    1.4547    0.0160
  LAT-F31i         IN-F45A          IN-F44B          CONDUIT          127.6    0.4312    0.0160
  LAT-F31j         IN-F45B          IN-F45A          CONDUIT           11.0    4.5502    0.0160
  LAT-F31k         IN-F45C          IN-F45B          CONDUIT           11.0    4.5502    0.0160
  CL-F28           JF17             MF6              CONDUIT          331.1    0.2144    0.0160
  LAT-F29          IN-F37           JF17             CONDUIT            6.5   38.3979    0.0160
  CL-F29           JF16             JF17             CONDUIT          303.1    0.2144    0.0160
  LAT-F27          IN-F35           JF16             CONDUIT           74.5   11.6761    0.0160
  CL-F30           MF4              JF16             CONDUIT          149.6    0.2205    0.0160
  LAT-F21a         JBF10            MF4              CONDUIT           77.0    3.2094    0.0160
  LAT-F21b         IN-F24           JBF10            CONDUIT           35.6    0.6171    0.0160
  LAT-F21c         IN-F23B          IN-F24           CONDUIT          226.9    0.5333    0.0160
  LAT-F21d         IN-F23           IN-F23B          CONDUIT          138.1    0.3114    0.0160
  LAT-F21e         IN-F20           IN-F23           CONDUIT            3.2   35.2295    0.0160
  LAT-F22a         IN-F25           MF4              CONDUIT          212.8    3.2542    0.0160
  LAT-F22b         IN-F26           IN-F25           CONDUIT          554.6    0.5283    0.0160
  LAT-F22c         IN-F27           IN-F26           CONDUIT           15.2    3.3660    0.0160
  LAT-F22d         IN-F28           IN-F27           CONDUIT           45.7    0.3937    0.0160
  LAT-F22e         MF5              IN-F28           CONDUIT          199.1    0.4219    0.0160
  LAT-F24          IN-F32           MF5              CONDUIT          299.0    0.2742    0.0160
  LAT-F22f         IN-F33B          MF5              CONDUIT            6.6    5.0292    0.0160
  LAT-F23          IN-F31           IN-F33B          CONDUIT          368.5    0.4532    0.0160
  LAT-F22g         JF14             IN-F33B          CONDUIT          161.0    0.4100    0.0160
  LAT-F22h         IN-F33C          JF14             CONDUIT           45.0    0.6005    0.0160
  LAT-F22i         JF15             IN-F33C          CONDUIT          239.2    0.4892    0.0160
  LAT-F26          IN-F34           JF15             CONDUIT           19.9    5.0315    0.0160
  LAT-F22j         IN-F29B          JF15             CONDUIT          212.0    0.4859    0.0160
  LAT-F22k         IN-F29A          IN-F29B          CONDUIT           15.0    1.0667    0.0160
  LAT-F25          IN-F33A          JF14             CONDUIT           84.0    2.2855    0.0160
  LAT-F22l         IN-F30           IN-F29A          CONDUIT          161.3    0.5827    0.0160
  CL-F31           JF13             MF4              CONDUIT          139.0    0.2158    0.0160
  LAT-F20          IN-F22           JF13             CONDUIT          116.0   17.1175    0.0160
  CL-F32           JF12             JF13             CONDUIT          347.3    0.2160    0.0160
  LAT-F19          IN-F21           JF12             CONDUIT          145.3   10.3727    0.0160
  CL-F33           JF11             JF12             CONDUIT          163.1    0.2146    0.0160
  LAT-F17          IN-F19           JF11             CONDUIT          105.9   16.6733    0.0160
  CL-F34           MF3              JF11             CONDUIT           97.9    0.2145    0.0160
  LAT-F15a         IN-F10F          MF3              CONDUIT           64.6    0.4954    0.0160
  LAT-F15b         IN-F17           IN-F10F          CONDUIT            6.0    0.5000    0.0160
  LAT-F16a         IN-F18           MF3              CONDUIT          118.9    0.5045    0.0160
  LAT-F16b         IN-F18B          IN-F18           CONDUIT           51.7    6.7296    0.0160
  CL-F35           JF10B            MF3              CONDUIT          112.4    0.2224    0.0160
  LAT-F10Ea        IN-F10E          JF10B            CONDUIT           60.6   15.9017    0.0160
  LAT-F10Eb        JBF4             IN-F10E          CONDUIT            7.5    4.7032    0.0160
  LAT-F10Ec        IN-F16C          JBF4             CONDUIT           35.1    7.6289    0.0160
  CL-F36           JF10             JF10B            CONDUIT          143.6    0.2089    0.0160
  LAT-F14a         IN-F10D          JF10             CONDUIT           58.3   12.9218    0.0160
  LAT-F14b         JBF7             IN-F10D          CONDUIT           13.5    1.5534    0.0160
  LAT-F14c         IN-F16B          JBF7             CONDUIT           35.9    8.3601    0.0160
  CL-F37           JF9              JF10             CONDUIT          138.1    0.2172    0.0160
  LAT-F10Ca        IN-F10C          JF9              CONDUIT           56.0   10.7160    0.0160
  LAT-F10Cb        JBF3             IN-F10C          CONDUIT            4.7    1.2822    0.0160
  LAT-F10Cc        IN-F16           JBF3             CONDUIT           48.3    6.7677    0.0160
  LAT-F13a         IN-F14           JF9              CONDUIT            7.8    6.3353    0.0160
  LAT-F13b         IN-F15           IN-F14           CONDUIT          103.4    4.3372    0.0160
  CL-F38           MF2B             JF9              CONDUIT          159.9    0.2002    0.0160
  LAT-F10B         IN-F10B          MF2B             CONDUIT           52.3    0.5930    0.0160
  LAT-F12B         IN-F12B          MF2B             CONDUIT           85.5    0.5499    0.0160
  CL-F39           JF8              MF2B             CONDUIT           93.3    0.2573    0.0160
  LAT-F10A         IN-F10A          JF8              CONDUIT           51.7    3.5786    0.0160
  LAT-F12a         BEND_BF8         JF8              CONDUIT            9.4    5.2422    0.0160
  LAT-F12bb        IN-F13           BEND_BF8         CONDUIT           72.8    4.2747    0.0160
  CL-F40           BEND_BF7         JF8              CONDUIT           15.3    0.1958    0.0160
  CL-F41           BEND_BF6         BEND_BF7         CONDUIT           38.6    0.2329    0.0160
  CL-F42           JF7              BEND_BF6         CONDUIT          103.0    0.2136    0.0160
  LAT-F11a         IN-F11           JF7              CONDUIT           18.2    6.5044    0.0160
  LAT-F11b         BEND_BF5         IN-F11           CONDUIT           37.0    2.1927    0.0160
  LAT-F11c         IN-F12           BEND_BF5         CONDUIT           18.5    2.2216    0.0160
  CL-F43           JF6              JF7              CONDUIT           14.6    0.2059    0.0160
  LAT-F10          IN-F10           JF6              CONDUIT           42.5    3.9768    0.0160
  LAT-F9           IN-F9            JF5              CONDUIT           49.3    1.0559    0.0160
  CL-F45           MF2              JF5              CONDUIT          136.7    0.2122    0.0160
  CL-F44           JF5              JF6              CONDUIT           73.8    0.2167    0.0160
  LAT-F8           IN-F8            MF2              CONDUIT           95.2    0.5777    0.0160
  CL-F46           BEND_BF3         MF2              CONDUIT          104.0    0.2211    0.0160
  CL-F47           JF4              BEND_BF3         CONDUIT           10.8    0.1860    0.0160
  LAT-F6a          BEND_BF2         JF4              CONDUIT           28.1    7.5688    0.0160
  LAT-F6b          IN-F6            BEND_BF2         CONDUIT           24.2    7.5358    0.0160
  CL-C48           BEND_BF1         JF4              CONDUIT           27.9    0.2151    0.0160
  CL-F49           JF2              BEND_BF1         CONDUIT          169.2    0.2187    0.0160
  LAT-F4           IN-F4            JF2              CONDUIT           65.8   13.6428    0.0160
  LAT-F5           IN-F5            JF2              CONDUIT            7.5   38.7515    0.0160
  CL-F50           MF1B             JF2              CONDUIT          298.9    0.2141    0.0160
  LAT-F3           IN-F3            MF1B             CONDUIT           49.9    2.5485    0.0160
  LAT-F3B          IN-F3B           MF1B             CONDUIT           88.0    0.5227    0.0160
  CL-F51           MF1              MF1B             CONDUIT          331.1    0.2174    0.0160
  LAT-F2a          IN-F2            MF1              CONDUIT          134.6    0.4979    0.0160
  LAT-F2b          IN-F2B           IN-F2            CONDUIT           57.9    5.7792    0.0160
  LAT-F1           PlayaLake44      MF1              CONDUIT          244.4    0.5114    0.0160
  C167             MH_5339          JBG2             CONDUIT          520.0    0.4808    0.0160
  C168             JB_0931          MH_5339          CONDUIT           86.8    0.1083    0.0160
  C169             IN_1121          JB_0931          CONDUIT           14.8    0.1082    0.0160
  C170             JB_0643          IN_1121          CONDUIT           79.5    0.3559    0.0160
  171              JB_1120          JB_0643          CONDUIT           33.4    0.3501    0.0160
  172              IN_1120          JB_1120          CONDUIT           11.1    6.7882    0.0160
  C173             MH_5043          JB_1120          CONDUIT          190.1    0.3578    0.0160
  C174             IN_1119          MH_5043          CONDUIT          366.4    0.1528    0.0160
  C175             IN_1118          IN_1119          CONDUIT          122.0    1.0899    0.0160
  CL-C01           JC10             MH_30            CONDUIT           12.8    1.0141    0.0160
  CL-C02           IN-C20           JC10             CONDUIT           48.5    0.8035    0.0160
  LAT-C12a         IN-C19A          JC10             CONDUIT           33.0    3.8233    0.0160
  LAT-C12b         IN-C19B          IN-C19A          CONDUIT            6.0    1.1667    0.0160
  CL-C03           JC9              MH_30            CONDUIT           39.0    0.5387    0.0160
  LAT-C11          IN-C18           JC9              CONDUIT           30.5    6.7981    0.0160
  CL-C04           IN-C17           JC9              CONDUIT           35.2    0.4835    0.0160
  CL-C05           JC8              IN-C17           CONDUIT          272.2    0.2829    0.0160
  LAT-C10          IN-C16           JC8              CONDUIT           32.5    7.3337    0.0160
  CL-C06           JC7              JC8              CONDUIT           35.4    0.2829    0.0160
  LAT-C9           IN-C15           JC7              CONDUIT           32.5    6.3901    0.0160
  CL-C07           IN-C14           JC7              CONDUIT           56.5    0.2834    0.0160
  CL-C08           JC6              IN-C14           CONDUIT          223.6    0.5323    0.0160
  LAT-C8           IN-C13           JC6              CONDUIT           32.5    4.0057    0.0160
  CL-C09           JC5              JC6              CONDUIT           35.8    0.5301    0.0160
  LAT-C7           IN-C12           JC5              CONDUIT           32.5    3.7873    0.0160
  CL-C10           IN-C11           JC5              CONDUIT           32.6    0.5522    0.0160
  CL-C11           JC4              IN-C11           CONDUIT          247.0    0.2875    0.0160
  LAT-C6           IN-C10           JC4              CONDUIT           32.4    4.6598    0.0160
  CL-C12           JC3              JC4              CONDUIT           35.7    0.2800    0.0160
  LAT-C5           IN-C9            JC3              CONDUIT           32.8    4.8913    0.0160
  CL-C13           IN-C8            JC3              CONDUIT           33.3    0.3002    0.0160
  CL-C14           JC2              IN-C8            CONDUIT          215.5    0.2877    0.0160
  LAT-C4           IN-C7            JC2              CONDUIT           18.5   13.6867    0.0160
  CL-C15           JC1              JC2              CONDUIT          351.9    0.2813    0.0160
  LAT-C3a          IN-C6            JC1              CONDUIT           32.5    8.0829    0.0160
  LAT-C3b          IN-C5            IN-C6            CONDUIT           30.6    2.0292    0.0160
  CL-C16           IN-C4            JC1              CONDUIT           68.5    1.0212    0.0160
  CL-C17           MC1              IN-C4            CONDUIT          283.5    0.1446    0.0160
  LAT-C1           IN-C2            MC1              CONDUIT           34.9    5.0279    0.0160
  LAT-C2           IN-C3            MC1              CONDUIT           46.9    1.1941    0.0160
  CL-C18           IN-C1            MC1              CONDUIT           42.7    0.3516    0.0160
  201              IN_4748          201              CONDUIT           27.8    2.8028    0.0160
  202              IN_4749          203              CONDUIT           27.5    3.0014    0.0160
  203              IN_4337          205              CONDUIT           30.8    0.6502    0.0160
  C204             201              JB_0643          CONDUIT          417.8    0.0471    0.0160
  C205             203              201              CONDUIT          224.3    0.3290    0.0160
  C206             205              203              CONDUIT          235.5    0.2428    0.0160
  LAT-G1c          IN-G2            IN-G3            CONDUIT           44.3    6.0358    0.0160
  Culvert2         PlayaLake44b     PlayaLake44      CONDUIT          220.1    0.4862    0.0160
  Culvert1         PlayaLake44      ConcreteChannel  CONDUIT          472.0    0.1992    0.0160
  1                IN_4337          IN_4749          CONDUIT          235.0    0.3745    0.0100
  2                IN_4749          IN_4748          CONDUIT          224.0    0.6786    0.0100
  3                IN_4748          IN_1121          CONDUIT          417.0    0.4995    0.0100
  4                IN_1121          IN-G12           CONDUIT          520.0    0.1417    0.0150
  5                JBG1             IN-F79           CONDUIT          150.0   16.3197    0.0100
  6                IN_1120          IN_1121          CONDUIT           80.0    1.4376    0.0150
  7                IN-G12           JBG1             CONDUIT           82.0   -0.0488    0.0150
  C-STREET-2       MC1              IN-C4            CONDUIT          283.0   -0.2615    0.0150
  C-STREET-1       IN-C1            MC1              CONDUIT           42.0    0.7143    0.0150
  C-STREET-3       IN-C4            JC1              CONDUIT           68.0    1.5149    0.0150
  C-STREET-4       JC1              JC2              CONDUIT          352.0    0.3551    0.0150
  C-STREET-5       JC2              IN-C8            CONDUIT          215.0   -2.8151    0.0150
  C-STREET-6       IN-C8            JC3              CONDUIT           35.0    2.2005    0.0150
  C-STREET-7       JC3              JC4              CONDUIT           35.0    0.5714    0.0150
  C-STREET-8       JC4              IN-C11           CONDUIT          247.0    0.1781    0.0150
  C-STREET-9       IN-C11           JC5              CONDUIT           32.0    1.7503    0.0150
  C-STREET-10      JC5              JC6              CONDUIT           36.0    0.6945    0.0150
  C-STREET-11      JC6              IN-C14           CONDUIT          223.0   -2.4581    0.0150
  C-STREET-12      IN-C14           JC7              CONDUIT           56.0    0.8929    0.0150
  C_STREET-13      JC7              JC8              CONDUIT           36.0   -0.5556    0.0150
  C-STREET-14      JC8              IN-C17           CONDUIT          272.0    0.0846    0.0150
  C-STREET-15      IN-C17           JC9              CONDUIT           35.0    1.3430    0.0150
  C-STREET-16      JC9              MH_30            CONDUIT           39.0    0.5128    0.0150
  G-STREET-1       IN-G1            IN-G5            CONDUIT           70.0    0.6143    0.0150
  G-STREET-15      IN-G2            IN-G3            CONDUIT           44.0    1.7025    0.0150
  G-STREET-16      IN-G3            IN-G4            CONDUIT           61.0    0.4262    0.0150
  G-STREET-18      IN-G5            IN-G6            CONDUIT           78.0    1.1026    0.0150
  18               IN-G4            IN-G5            CONDUIT           42.0    0.2857    0.0150
  19               IN-G6            IN-G7            CONDUIT          241.0    0.3071    0.0150
  20               IN-G7            IN-G8            CONDUIT           77.0    0.3247    0.0150
  21               IN-G8            IN-G9            CONDUIT          130.0    0.6769    0.0150
  22               IN-G9            IN-G10           CONDUIT          115.0    0.2957    0.0150
  23               IN-G10           IN-G11           CONDUIT           63.0   -0.4286    0.0150
  24               IN-G11           JBG1             CONDUIT           32.0    1.6565    0.0150
  UNIV-STREET-25   IN_1119          IN_1120          CONDUIT          556.0    0.0881    0.0150
  25               IN_1118          IN_1119          CONDUIT          122.0    0.0082    0.0150
  26               IN-G14           JBG1             CONDUIT          154.0    0.5909    0.0150
  27               IN-G15           IN-G14           CONDUIT           89.0    0.2247    0.0150
  28               IN-G16           IN-G15           CONDUIT          112.0    0.2143    0.0150
  29               IN-G17           IN-G16           CONDUIT          308.0   -0.2922    0.0150
  30               IN-G18           IN-G17           CONDUIT          168.0   -0.2976    0.0150
  31               IN-G19           IN-G18           CONDUIT          152.0   -0.0855    0.0150
  8                JONES-STORE      MH_5339          TYPE2 PUMP  
  
  
  *********************
  Cross Section Summary
  *********************
                                        Full     Full     Hyd.     Max.   No. of     Full
  Conduit          Shape               Depth     Area     Rad.    Width  Barrels     Flow
  ---------------------------------------------------------------------------------------
  RUNOUT           RECT_OPEN            4.00    56.00     2.55    14.00        1  2143.22
  M-0-5-6          RECT_CLOSED          4.00    28.00     1.27     7.00        2   163.49
  M-O-4            RECT_CLOSED          8.00    64.00     2.00     8.00        1   279.95
  M-O-3            RECT_CLOSED          8.00    64.00     2.00     8.00        1   282.38
  CL-F00           RECT_CLOSED          8.00    64.00     2.00     8.00        1   285.47
  M-O-2            RECT_CLOSED          8.00    64.00     2.00     8.00        1   281.89
  LAT-F59a         CIRCULAR             2.50     4.91     0.63     2.50        1    48.91
  LAT-F59b         CIRCULAR             2.00     3.14     0.50     2.00        1    23.72
  LAT-59c          CIRCULAR             2.00     3.14     0.50     2.00        1    10.90
  CL-F01a          RECT_CLOSED          8.00    64.00     2.00     8.00        1   602.57
  CL-F01b          RECT_CLOSED          8.00    64.00     2.00     8.00        1   263.87
  CL-F02           RECT_CLOSED          8.00    64.00     2.00     8.00        1   322.67
  CL-F03a          RECT_CLOSED          8.00    64.00     2.00     8.00        1   440.29
  CL-F03b          RECT_CLOSED          8.00    64.00     2.00     8.00        1   438.59
  CL-F03c          RECT_CLOSED          8.00    64.00     2.00     8.00        1   437.03
  LAT-F57a         CIRCULAR             2.00     3.14     0.50     2.00        1    38.46
  LAT-F57b         CIRCULAR             2.00     3.14     0.50     2.00        1    31.39
  LAT-F58          CIRCULAR             2.00     3.14     0.50     2.00        1    94.12
  CL-F04           RECT_CLOSED          8.00    64.00     2.00     8.00        1   440.71
  LAT-F55          CIRCULAR             3.00     7.07     0.75     3.00        1   120.77
  LAT-F56a         CIRCULAR             4.00    12.57     1.00     4.00        1   249.02
  LAT-F56b         CIRCULAR             4.00    12.57     1.00     4.00        1   120.97
  LAT-F56c         CIRCULAR             4.00    12.57     1.00     4.00        1   260.64
  CL-G08           CIRCULAR             4.00    12.57     1.00     4.00        1   559.02
  CL-G07           CIRCULAR             3.00     7.07     0.75     3.00        1    42.28
  CL-G06a          CIRCULAR             3.00     7.07     0.75     3.00        1    35.22
  CL-G06b          CIRCULAR             3.00     7.07     0.75     3.00        1    35.20
  CL-G05           CIRCULAR             3.00     7.07     0.75     3.00        1    30.88
  CL-G04           CIRCULAR             2.50     4.91     0.63     2.50        1    18.47
  CL-G03           CIRCULAR             2.50     4.91     0.63     2.50        1    19.24
  CL-G02           CIRCULAR             2.50     4.91     0.63     2.50        1    22.46
  CL-G01           CIRCULAR             2.00     3.14     0.50     2.00        1    12.48
  CL-G00           CIRCULAR             2.50     4.91     0.63     2.50        1    22.86
  LAT-G1a          CIRCULAR             2.00     3.14     0.50     2.00        1    23.95
  LAT-G1b          CIRCULAR             2.00     3.14     0.50     2.00        1    12.00
  CL-G09           CIRCULAR             4.00    12.57     1.00     4.00        1    99.63
  LAT-G2           CIRCULAR             2.00     3.14     0.50     2.00        1    83.07
  CL-G10           CIRCULAR             4.00    12.57     1.00     4.00        1    54.38
  LAT-G3           CIRCULAR             3.00     7.07     0.75     3.00        1   110.11
  LAT-G4           CIRCULAR             2.00     3.14     0.50     2.00        1    40.17
  CL-G11           CIRCULAR             3.00     7.07     0.75     3.00        1    24.72
  LAT-G5           CIRCULAR             2.00     3.14     0.50     2.00        1    27.61
  CL-G12           CIRCULAR             3.00     7.07     0.75     3.00        1    24.56
  CL-G13           CIRCULAR             2.00     3.14     0.50     2.00        1     9.54
  CL-G14           CIRCULAR             2.00     3.14     0.50     2.00        1     9.51
  CL-G15           CIRCULAR             2.00     3.14     0.50     2.00        1     9.30
  CL-G16           CIRCULAR             2.00     3.14     0.50     2.00        1    10.03
  CL-G17           CIRCULAR             2.00     3.14     0.50     2.00        1     9.07
  CL-E01           CIRCULAR             2.00     3.14     0.50     2.00        1    17.30
  CL-E02           CIRCULAR             2.00     3.14     0.50     2.00        1    10.78
  CL-E03           CIRCULAR             2.00     3.14     0.50     2.00        1    12.14
  CL-E04           CIRCULAR             2.00     3.14     0.50     2.00        1    18.53
  CL-E05           CIRCULAR             2.00     3.14     0.50     2.00        1    18.53
  CL-E06           CIRCULAR             2.00     3.14     0.50     2.00        1    20.42
  CL-E07           CIRCULAR             2.50     4.91     0.63     2.50        1    67.34
  LAT-E1           CIRCULAR             2.00     3.14     0.50     2.00        1    61.47
  CL-E08           CIRCULAR             2.50     4.91     0.63     2.50        1    65.80
  CL-E09           CIRCULAR             3.00     7.07     0.75     3.00        1    83.87
  CL-E10           CIRCULAR             3.00     7.07     0.75     3.00        1    24.57
  CL-E11           CIRCULAR             3.00     7.07     0.75     3.00        1    24.45
  CL-E12           CIRCULAR             3.00     7.07     0.75     3.00        1    24.69
  CL-E13           CIRCULAR             3.00     7.07     0.75     3.00        1    24.98
  CL-E14           CIRCULAR             2.00     3.14     0.50     2.00        1    14.47
  CL-E15           CIRCULAR             2.00     3.14     0.50     2.00        1    14.31
  LAT-F54          CIRCULAR             2.00     3.14     0.50     2.00        1    29.06
  CL-F05           RECT_CLOSED          8.00    64.00     2.00     8.00        1   439.08
  CL-F06           RECT_CLOSED          7.00    49.00     1.75     7.00        1   305.67
  LAT-F53a         CIRCULAR             2.00     3.14     0.50     2.00        1   119.06
  LAT-F53b         CIRCULAR             2.00     3.14     0.50     2.00        1    25.31
  CL-F07           RECT_CLOSED          7.00    49.00     1.75     7.00        1   306.26
  LAT-F51          CIRCULAR             2.00     3.14     0.50     2.00        1    90.50
  CL-F08           RECT_CLOSED          7.00    49.00     1.75     7.00        1   307.22
  LAT-F50          CIRCULAR             2.00     3.14     0.50     2.00        1   115.48
  CL-F09           RECT_CLOSED          7.00    49.00     1.75     7.00        1   310.22
  LAT-F49b         CIRCULAR             2.00     3.14     0.50     2.00        1   194.25
  LAT-F49a         CIRCULAR             2.00     3.14     0.50     2.00        1    12.55
  CL-F10           RECT_CLOSED          7.00    49.00     1.75     7.00        1   307.87
  LAT-F48          CIRCULAR             2.00     3.14     0.50     2.00        1    13.02
  CL-H00           CIRCULAR             2.00     3.14     0.50     2.00        1    11.34
  CL-H01           CIRCULAR             2.00     3.14     0.50     2.00        1    11.34
  LAT-H1           CIRCULAR             2.00     3.14     0.50     2.00        1    61.85
  CL-H02           CIRCULAR             2.50     4.91     0.63     2.50        1    19.29
  LAT-H3           CIRCULAR             2.00     3.14     0.50     2.00        1    58.61
  CL-H03           CIRCULAR             2.50     4.91     0.63     2.50        1    19.69
  CL-H04           CIRCULAR             2.50     4.91     0.63     2.50        1    19.03
  CL-H05           CIRCULAR             2.50     4.91     0.63     2.50        1    16.33
  CL-H06           CIRCULAR             2.00     3.14     0.50     2.00        1     9.43
  CL-H07           CIRCULAR             2.00     3.14     0.50     2.00        1    10.36
  LAT-H2           CIRCULAR             2.50     4.91     0.63     2.50        1    40.68
  CL-F11           RECT_CLOSED          7.00    49.00     1.75     7.00        1   305.88
  LAT-F47          CIRCULAR             2.00     3.14     0.50     2.00        1    72.47
  CL-F12           RECT_CLOSED          7.00    49.00     1.75     7.00        1   295.91
  LAT-F46          CIRCULAR             2.00     3.14     0.50     2.00        1    65.03
  CL-F13           RECT_CLOSED          7.00    49.00     1.75     7.00        1   312.12
  LAT-F44a         CIRCULAR             2.00     3.14     0.50     2.00        1    51.39
  LAT-F45          CIRCULAR             2.00     3.14     0.50     2.00        1    25.73
  LAT-F44b         CIRCULAR             2.00     3.14     0.50     2.00        1    38.92
  LAT-F44c         CIRCULAR             2.00     3.14     0.50     2.00        1    37.51
  LAT-F44d         CIRCULAR             2.00     3.14     0.50     2.00        1    41.85
  LAT-F44e         CIRCULAR             2.00     3.14     0.50     2.00        1    26.48
  CL-F14           RECT_CLOSED          7.00    49.00     1.75     7.00        1   307.51
  LAT-F43a         CIRCULAR             3.00     7.07     0.75     3.00        1   536.53
  LAT-F43b         CIRCULAR             3.00     7.07     0.75     3.00        1    52.60
  LAT-F43c         CIRCULAR             3.00     7.07     0.75     3.00        1    42.69
  LAT-F43d         CIRCULAR             3.00     7.07     0.75     3.00        1    44.33
  LAT-F43e         CIRCULAR             2.00     3.14     0.50     2.00        1    15.68
  CL-F15           RECT_CLOSED          7.00    49.00     1.75     7.00        1   307.03
  LAT-F42a         CIRCULAR             2.00     3.14     0.50     2.00        1    57.71
  LAT-F42b         CIRCULAR             2.00     3.14     0.50     2.00        1    30.59
  LAT-F42c         CIRCULAR             2.00     3.14     0.50     2.00        1    23.26
  LAT-F42d         CIRCULAR             2.00     3.14     0.50     2.00        1    22.93
  LAT-F42e         CIRCULAR             2.00     3.14     0.50     2.00        1    25.12
  LAT-F42f         CIRCULAR             2.00     3.14     0.50     2.00        1    16.71
  LAT-F42g         CIRCULAR             2.00     3.14     0.50     2.00        1    18.38
  CL-F16           RECT_CLOSED          7.00    49.00     1.75     7.00        1   307.28
  LAT-F41          CIRCULAR             2.00     3.14     0.50     2.00        1   164.83
  CL-F17           RECT_CLOSED          7.00    49.00     1.75     7.00        1   304.65
  LAT-F40          CIRCULAR             2.00     3.14     0.50     2.00        1    12.93
  LAT-F40B         CIRCULAR             2.00     3.14     0.50     2.00        1    13.34
  CL-F18           RECT_CLOSED          6.00    42.00     1.62     7.00        1   249.66
  LAT-F39B         CIRCULAR             2.00     3.14     0.50     2.00        1    57.75
  CL-F19           RECT_CLOSED          6.00    42.00     1.62     7.00        1   248.97
  LAT-F39          CIRCULAR             2.00     3.14     0.50     2.00        1    12.64
  CL-F20           RECT_CLOSED          6.00    42.00     1.62     7.00        1   253.01
  LAT-F38          CIRCULAR             2.00     3.14     0.50     2.00        1    62.55
  CL-F21           RECT_CLOSED          6.00    42.00     1.62     7.00        1   236.62
  LAT-F37          CIRCULAR             2.00     3.14     0.50     2.00        1    53.74
  CL-F22           RECT_CLOSED          6.00    42.00     1.62     7.00        1   249.43
  LAT-F36B         CIRCULAR             2.00     3.14     0.50     2.00        1    13.40
  CL-F23           RECT_CLOSED          6.00    42.00     1.62     7.00        1   249.68
  LAT-F36          CIRCULAR             2.00     3.14     0.50     2.00        1    50.32
  CL-F24           RECT_CLOSED          6.00    42.00     1.62     7.00        1   244.56
  LAT-F35a         CIRCULAR             2.00     3.14     0.50     2.00        1    62.51
  LAT-F35b         CIRCULAR             2.00     3.14     0.50     2.00        1    46.80
  CL-F25           RECT_CLOSED          5.00    35.00     1.46     7.00        1   195.65
  LAT-F34          CIRCULAR             2.00     3.14     0.50     2.00        1    59.60
  CL-F26           RECT_CLOSED          5.00    35.00     1.46     7.00        1   190.14
  LAT-F32a         CIRCULAR             2.00     3.14     0.50     2.00        1    32.55
  LAT-F33          CIRCULAR             2.00     3.14     0.50     2.00        1    93.00
  LAT-F32b         CIRCULAR             2.00     3.14     0.50     2.00        1    32.37
  CL-F27           RECT_CLOSED          5.00    35.00     1.46     7.00        1   195.31
  LAT-F30a         CIRCULAR             3.00     7.07     0.75     3.00        1    77.53
  LAT-F30b         CIRCULAR             3.00     7.07     0.75     3.00        1    42.92
  LAT-F30c         CIRCULAR             2.50     4.91     0.63     2.50        1    20.26
  LAT-F30d         CIRCULAR             2.50     4.91     0.63     2.50        1    19.59
  LAT-F30e         CIRCULAR             2.00     3.14     0.50     2.00        1    11.04
  LAT-F30f         CIRCULAR             2.00     3.14     0.50     2.00        1    11.03
  LAT-F30g         CIRCULAR             2.00     3.14     0.50     2.00        1    11.10
  LAT-F30h         CIRCULAR             2.00     3.14     0.50     2.00        1    16.40
  LAT-F31a         CIRCULAR             3.50     9.62     0.88     3.50        1    53.52
  LAT-F31b         CIRCULAR             3.00     7.07     0.75     3.00        1    46.65
  LAT-F31c         CIRCULAR             3.00     7.07     0.75     3.00        1    51.91
  LAT-F31d         CIRCULAR             3.00     7.07     0.75     3.00        1    61.23
  LAT-F31e         CIRCULAR             3.00     7.07     0.75     3.00        1    55.08
  LAT-F31f         CIRCULAR             3.00     7.07     0.75     3.00        1    54.29
  LAT-F31g         CIRCULAR             3.00     7.07     0.75     3.00        1    54.81
  LAT-F31h         CIRCULAR             3.00     7.07     0.75     3.00        1    65.36
  LAT-F31i         CIRCULAR             3.00     7.07     0.75     3.00        1    35.58
  LAT-F31j         CIRCULAR             3.00     7.07     0.75     3.00        1   115.60
  LAT-F31k         CIRCULAR             3.00     7.07     0.75     3.00        1   115.60
  CL-F28           RECT_CLOSED          5.00    30.00     1.36     6.00        1   158.65
  LAT-F29          CIRCULAR             2.00     3.14     0.50     2.00        1   113.90
  CL-F29           RECT_CLOSED          5.00    30.00     1.36     6.00        1   158.66
  LAT-F27          CIRCULAR             2.00     3.14     0.50     2.00        1    62.81
  CL-F30           RECT_CLOSED          5.00    30.00     1.36     6.00        1   160.90
  LAT-F21a         CIRCULAR             2.00     3.14     0.50     2.00        1    32.93
  LAT-F21b         CIRCULAR             2.00     3.14     0.50     2.00        1    14.44
  LAT-F21c         CIRCULAR             2.00     3.14     0.50     2.00        1    13.42
  LAT-F21d         CIRCULAR             2.00     3.14     0.50     2.00        1    10.26
  LAT-F21e         CIRCULAR             2.00     3.14     0.50     2.00        1   109.10
  LAT-F22a         CIRCULAR             3.50     9.62     0.88     3.50        1   147.46
  LAT-F22b         CIRCULAR             3.50     9.62     0.88     3.50        1    59.42
  LAT-F22c         CIRCULAR             3.50     9.62     0.88     3.50        1   149.98
  LAT-F22d         CIRCULAR             3.50     9.62     0.88     3.50        1    51.29
  LAT-F22e         CIRCULAR             3.00     7.07     0.75     3.00        1    35.20
  LAT-F24          CIRCULAR             2.00     3.14     0.50     2.00        1     9.63
  LAT-F22f         CIRCULAR             3.00     7.07     0.75     3.00        1   121.53
  LAT-F23          CIRCULAR             2.00     3.14     0.50     2.00        1    12.37
  LAT-F22g         CIRCULAR             2.50     4.91     0.63     2.50        1    21.34
  LAT-F22h         CIRCULAR             2.50     4.91     0.63     2.50        1    25.83
  LAT-F22i         CIRCULAR             2.50     4.91     0.63     2.50        1    23.31
  LAT-F26          CIRCULAR             2.00     3.14     0.50     2.00        1    41.23
  LAT-F22j         CIRCULAR             2.50     4.91     0.63     2.50        1    23.23
  LAT-F22k         CIRCULAR             2.00     3.14     0.50     2.00        1    18.98
  LAT-F25          CIRCULAR             2.00     3.14     0.50     2.00        1    27.79
  LAT-F22l         CIRCULAR             2.00     3.14     0.50     2.00        1    14.03
  CL-F31           CIRCULAR             5.00    19.63     1.25     5.00        1    98.30
  LAT-F20          CIRCULAR             2.00     3.14     0.50     2.00        1    76.05
  CL-F32           CIRCULAR             5.00    19.63     1.25     5.00        1    98.34
  LAT-F19          CIRCULAR             2.00     3.14     0.50     2.00        1    59.20
  CL-F33           CIRCULAR             5.00    19.63     1.25     5.00        1    98.02
  LAT-F17          CIRCULAR             2.00     3.14     0.50     2.00        1    75.05
  CL-F34           CIRCULAR             5.00    19.63     1.25     5.00        1    98.00
  LAT-F15a         CIRCULAR             2.00     3.14     0.50     2.00        1    12.94
  LAT-F15b         CIRCULAR             2.00     3.14     0.50     2.00        1    13.00
  LAT-F16a         CIRCULAR             2.00     3.14     0.50     2.00        1    13.06
  LAT-F16b         CIRCULAR             2.00     3.14     0.50     2.00        1    47.68
  CL-F35           CIRCULAR             4.50    15.90     1.13     4.50        1    75.36
  LAT-F10Ea        CIRCULAR             2.00     3.14     0.50     2.00        1    73.30
  LAT-F10Eb        CIRCULAR             2.00     3.14     0.50     2.00        1    39.86
  LAT-F10Ec        CIRCULAR             2.00     3.14     0.50     2.00        1    50.77
  CL-F36           CIRCULAR             4.50    15.90     1.13     4.50        1    73.02
  LAT-F14a         CIRCULAR             2.00     3.14     0.50     2.00        1    66.07
  LAT-F14b         CIRCULAR             2.00     3.14     0.50     2.00        1    22.91
  LAT-F14c         CIRCULAR             2.00     3.14     0.50     2.00        1    53.15
  CL-F37           CIRCULAR             4.50    15.90     1.13     4.50        1    74.46
  LAT-F10Ca        CIRCULAR             2.00     3.14     0.50     2.00        1    60.17
  LAT-F10Cb        CIRCULAR             2.00     3.14     0.50     2.00        1    20.81
  LAT-F10Cc        CIRCULAR             2.00     3.14     0.50     2.00        1    47.82
  LAT-F13a         CIRCULAR             2.00     3.14     0.50     2.00        1    46.26
  LAT-F13b         CIRCULAR             2.00     3.14     0.50     2.00        1    38.28
  CL-F38           CIRCULAR             4.50    15.90     1.13     4.50        1    71.48
  LAT-F10B         CIRCULAR             2.00     3.14     0.50     2.00        1    14.15
  LAT-F12B         CIRCULAR             2.00     3.14     0.50     2.00        1    13.63
  CL-F39           CIRCULAR             4.50    15.90     1.13     4.50        1    81.05
  LAT-F10A         CIRCULAR             2.00     3.14     0.50     2.00        1    34.77
  LAT-F12a         CIRCULAR             2.00     3.14     0.50     2.00        1    42.08
  LAT-F12bb        CIRCULAR             2.00     3.14     0.50     2.00        1    38.00
  CL-F40           CIRCULAR             4.50    15.90     1.13     4.50        1    70.70
  CL-F41           CIRCULAR             4.50    15.90     1.13     4.50        1    77.11
  CL-F42           CIRCULAR             4.50    15.90     1.13     4.50        1    73.84
  LAT-F11a         CIRCULAR             2.00     3.14     0.50     2.00        1    46.88
  LAT-F11b         CIRCULAR             2.00     3.14     0.50     2.00        1    27.22
  LAT-F11c         CIRCULAR             2.00     3.14     0.50     2.00        1    27.40
  CL-F43           CIRCULAR             4.50    15.90     1.13     4.50        1    72.50
  LAT-F10          CIRCULAR             2.00     3.14     0.50     2.00        1    36.65
  LAT-F9           CIRCULAR             2.00     3.14     0.50     2.00        1    18.89
  CL-F45           CIRCULAR             4.50    15.90     1.13     4.50        1    73.60
  CL-F44           CIRCULAR             4.50    15.90     1.13     4.50        1    74.38
  LAT-F8           CIRCULAR             2.00     3.14     0.50     2.00        1    13.97
  CL-F46           CIRCULAR             4.00    12.57     1.00     4.00        1    54.88
  CL-F47           CIRCULAR             4.00    12.57     1.00     4.00        1    50.34
  LAT-F6a          CIRCULAR             2.00     3.14     0.50     2.00        1    50.57
  LAT-F6b          CIRCULAR             2.00     3.14     0.50     2.00        1    50.46
  CL-C48           CIRCULAR             4.00    12.57     1.00     4.00        1    54.13
  CL-F49           CIRCULAR             4.00    12.57     1.00     4.00        1    54.58
  LAT-F4           CIRCULAR             2.00     3.14     0.50     2.00        1    67.89
  LAT-F5           CIRCULAR             2.00     3.14     0.50     2.00        1   114.42
  CL-F50           CIRCULAR             4.00    12.57     1.00     4.00        1    54.00
  LAT-F3           CIRCULAR             2.00     3.14     0.50     2.00        1    29.34
  LAT-F3B          CIRCULAR             2.00     3.14     0.50     2.00        1    13.29
  CL-F51           CIRCULAR             4.00    12.57     1.00     4.00        1    54.42
  LAT-F2a          CIRCULAR             2.00     3.14     0.50     2.00        1    12.97
  LAT-F2b          CIRCULAR             2.00     3.14     0.50     2.00        1    44.19
  LAT-F1           CIRCULAR             1.50     1.77     0.38     1.50        1     6.10
  C167             CIRCULAR             3.00     7.07     0.75     3.00        1    37.58
  C168             CIRCULAR             3.00     7.07     0.75     3.00        1    17.83
  C169             CIRCULAR             3.00     7.07     0.75     3.00        1    17.83
  C170             CIRCULAR             3.00     7.07     0.75     3.00        1    32.33
  171              CIRCULAR             3.00     7.07     0.75     3.00        1    32.07
  172              CIRCULAR             1.75     2.41     0.44     1.75        1    33.54
  C173             CIRCULAR             2.50     4.91     0.63     2.50        1    19.93
  C174             CIRCULAR             2.50     4.91     0.63     2.50        1    13.03
  C175             CIRCULAR             1.50     1.77     0.38     1.50        1     8.91
  CL-C01           CIRCULAR             2.00     3.14     0.50     2.00        1    18.51
  CL-C02           CIRCULAR             2.00     3.14     0.50     2.00        1    16.48
  LAT-C12a         CIRCULAR             2.00     3.14     0.50     2.00        1    35.94
  LAT-C12b         CIRCULAR             2.00     3.14     0.50     2.00        1    19.85
  CL-C03           CIRCULAR             3.00     7.07     0.75     3.00        1    39.78
  LAT-C11          CIRCULAR             2.00     3.14     0.50     2.00        1    47.92
  CL-C04           CIRCULAR             3.00     7.07     0.75     3.00        1    37.68
  CL-C05           CIRCULAR             3.00     7.07     0.75     3.00        1    28.82
  LAT-C10          CIRCULAR             2.00     3.14     0.50     2.00        1    49.78
  CL-C06           CIRCULAR             3.00     7.07     0.75     3.00        1    28.82
  LAT-C9           CIRCULAR             2.00     3.14     0.50     2.00        1    46.46
  CL-C07           CIRCULAR             3.00     7.07     0.75     3.00        1    28.85
  CL-C08           CIRCULAR             3.00     7.07     0.75     3.00        1    39.54
  LAT-C8           CIRCULAR             2.00     3.14     0.50     2.00        1    36.79
  CL-C09           CIRCULAR             3.00     7.07     0.75     3.00        1    39.46
  LAT-C7           CIRCULAR             2.00     3.14     0.50     2.00        1    35.77
  CL-C10           CIRCULAR             3.00     7.07     0.75     3.00        1    40.27
  CL-C11           CIRCULAR             3.00     7.07     0.75     3.00        1    29.06
  LAT-C6           CIRCULAR             2.00     3.14     0.50     2.00        1    39.68
  CL-C12           CIRCULAR             3.00     7.07     0.75     3.00        1    28.67
  LAT-C5           CIRCULAR             2.00     3.14     0.50     2.00        1    40.65
  CL-C13           CIRCULAR             3.00     7.07     0.75     3.00        1    29.69
  CL-C14           CIRCULAR             3.00     7.07     0.75     3.00        1    29.07
  LAT-C4           CIRCULAR             2.00     3.14     0.50     2.00        1    68.00
  CL-C15           CIRCULAR             3.00     7.07     0.75     3.00        1    28.74
  LAT-C3a          CIRCULAR             2.00     3.14     0.50     2.00        1    52.26
  LAT-C3b          CIRCULAR             2.00     3.14     0.50     2.00        1    26.18
  CL-C16           CIRCULAR             3.00     7.07     0.75     3.00        1    54.76
  CL-C17           CIRCULAR             2.50     4.91     0.63     2.50        1    12.67
  LAT-C1           CIRCULAR             2.00     3.14     0.50     2.00        1    41.21
  LAT-C2           CIRCULAR             2.00     3.14     0.50     2.00        1    20.09
  CL-C18           CIRCULAR             2.50     4.91     0.63     2.50        1    19.76
  201              CIRCULAR             0.83     0.54     0.21     0.83        1     2.98
  202              CIRCULAR             0.83     0.54     0.21     0.83        1     3.08
  203              CIRCULAR             0.83     0.54     0.21     0.83        1     1.43
  C204             CIRCULAR             0.83     0.54     0.21     0.83        1     0.39
  C205             CIRCULAR             0.83     0.54     0.21     0.83        1     1.02
  C206             CIRCULAR             0.83     0.54     0.21     0.83        1     0.88
  LAT-G1c          CIRCULAR             1.50     1.77     0.38     1.50        1    20.97
  Culvert2         RECT_CLOSED          3.00    15.00     0.94     5.00        5    93.05
  Culvert1         RECT_CLOSED          3.00    15.00     0.94     5.00        7    59.55
  1                TRAPEZOIDAL          2.00    28.00     1.06    26.00        1   265.26
  2                TRAPEZOIDAL          2.00    28.00     1.06    26.00        1   357.09
  3                TRAPEZOIDAL          2.00    28.00     1.06    26.00        1   306.37
  4                TypicalStreet       10.00   560.51     6.03    60.00        1  6922.54
  5                TRAPEZOIDAL          2.00    52.00     1.59    32.00        1  4257.29
  6                TypicalStreet       10.00   560.51     6.03    60.00        1 22047.51
  7                TypicalStreet       10.00   560.51     6.03    60.00        1  4061.22
  C-STREET-2       TypicalStreet       10.00   560.51     6.03    60.00        1  9402.79
  C-STREET-1       TypicalStreet       10.00   560.51     6.03    60.00        1 15540.85
  C-STREET-3       TypicalStreet       10.00   560.51     6.03    60.00        1 22631.97
  C-STREET-4       TypicalStreet       10.00   560.51     6.03    60.00        1 10957.67
  C-STREET-5       TypicalStreet       10.00   560.51     6.03    60.00        1 30851.60
  C-STREET-6       TypicalStreet       10.00   560.51     6.03    60.00        1 27277.03
  C-STREET-7       TypicalStreet       10.00   560.51     6.03    60.00        1 13900.09
  C-STREET-8       TypicalStreet       10.00   560.51     6.03    60.00        1  7760.89
  C-STREET-9       TypicalStreet       10.00   560.51     6.03    60.00        1 24326.83
  C-STREET-10      TypicalStreet       10.00   560.51     6.03    60.00        1 15323.47
  C-STREET-11      TypicalStreet       10.00   560.51     6.03    60.00        1 28829.47
  C-STREET-12      TypicalStreet       10.00   560.51     6.03    60.00        1 17375.32
  C_STREET-13      TypicalStreet       10.00   560.51     6.03    60.00        1 13705.67
  C-STREET-14      TypicalStreet       10.00   560.51     6.03    60.00        1  5347.03
  C-STREET-15      TypicalStreet       10.00   560.51     6.03    60.00        1 21309.23
  C-STREET-16      TypicalStreet       10.00   560.51     6.03    60.00        1 13167.97
  G-STREET-1       TypicalStreet       10.00   560.51     6.03    60.00        1 14411.94
  G-STREET-15      TypicalStreet       10.00   560.51     6.03    60.00        1 23992.71
  G-STREET-16      TypicalStreet       10.00   560.51     6.03    60.00        1 12004.86
  G-STREET-18      TypicalStreet       10.00   560.51     6.03    60.00        1 19308.49
  18               TypicalStreet       10.00   560.51     6.03    60.00        1  9828.79
  19               TypicalStreet       10.00   560.51     6.03    60.00        1 10189.23
  20               TypicalStreet       10.00   560.51     6.03    60.00        1 10477.53
  21               TypicalStreet       10.00   560.51     6.03    60.00        1 15128.92
  22               TypicalStreet       10.00   560.51     6.03    60.00        1  9998.27
  23               TypicalStreet       10.00   560.51     6.03    60.00        1 12037.79
  24               TypicalStreet       10.00   560.51     6.03    60.00        1 23666.06
  UNIV-STREET-25   TypicalStreet       10.00   560.51     6.03    60.00        1  5458.76
  25               TypicalStreet       10.00   560.51     6.03    60.00        1  1664.77
  26               TypicalStreet       10.00   560.51     6.03    60.00        1 14135.05
  27               TypicalStreet       10.00   560.51     6.03    60.00        1  8716.73
  28               TypicalStreet       10.00   560.51     6.03    60.00        1  8511.97
  29               TypicalStreet       10.00   560.51     6.03    60.00        1  9939.85
  30               TypicalStreet       10.00   560.51     6.03    60.00        1 10031.47
  31               TypicalStreet       10.00   560.51     6.03    60.00        1  5377.53
  
  
  
  ****************
  Transect Summary
  ****************

  Transect TypicalStreet
  Area:  
              0.0036     0.0141     0.0270     0.0404     0.0544 
              0.0694     0.0858     0.1037     0.1229     0.1436 
              0.1650     0.1864     0.2079     0.2293     0.2507 
              0.2721     0.2935     0.3149     0.3363     0.3577 
              0.3791     0.4005     0.4220     0.4434     0.4648 
              0.4862     0.5076     0.5290     0.5504     0.5718 
              0.5932     0.6146     0.6360     0.6575     0.6789 
              0.7003     0.7217     0.7431     0.7645     0.7859 
              0.8073     0.8287     0.8501     0.8715     0.8930 
              0.9144     0.9358     0.9572     0.9786     1.0000 
  Hrad:  
              0.0163     0.0357     0.0676     0.0981     0.1272 
              0.1534     0.1765     0.1969     0.2152     0.2317 
              0.2496     0.2683     0.2875     0.3070     0.3267 
              0.3466     0.3665     0.3864     0.4063     0.4262 
              0.4461     0.4660     0.4858     0.5055     0.5252 
              0.5448     0.5644     0.5840     0.6034     0.6228 
              0.6422     0.6615     0.6807     0.6999     0.7191 
              0.7381     0.7572     0.7761     0.7950     0.8139 
              0.8327     0.8515     0.8702     0.8889     0.9075 
              0.9261     0.9446     0.9631     0.9816     1.0000 
  Width: 
              0.3328     0.5993     0.6133     0.6400     0.6667 
              0.7333     0.8000     0.8667     0.9333     1.0000 
              1.0000     1.0000     1.0000     1.0000     1.0000 
              1.0000     1.0000     1.0000     1.0000     1.0000 
              1.0000     1.0000     1.0000     1.0000     1.0000 
              1.0000     1.0000     1.0000     1.0000     1.0000 
              1.0000     1.0000     1.0000     1.0000     1.0000 
              1.0000     1.0000     1.0000     1.0000     1.0000 
              1.0000     1.0000     1.0000     1.0000     1.0000 
              1.0000     1.0000     1.0000     1.0000     1.0000 
  
  
  *********************************************************
  NOTE: The summary statistics displayed in this report are
  based on results found at every computational time step,  
  not just on results from each reporting time step.
  *********************************************************
  
  ****************
  Analysis Options
  ****************
  Flow Units ............... CFS
  Process Models:
    Rainfall/Runoff ........ YES
    RDII ................... NO
    Snowmelt ............... NO
    Groundwater ............ NO
    Flow Routing ........... YES
    Ponding Allowed ........ YES
    Water Quality .......... NO
  Infiltration Method ...... CURVE_NUMBER
  Flow Routing Method ...... DYNWAVE
  Starting Date ............ MAY-01-2015 00:00:00
  Ending Date .............. MAY-09-2015 00:00:00
  Antecedent Dry Days ...... 0.0
  Report Time Step ......... 00:05:00
  Wet Time Step ............ 00:05:00
  Dry Time Step ............ 00:05:00
  Routing Time Step ........ 12.00 sec
  Variable Time Step ....... YES
  Maximum Trials ........... 19
  Number of Threads ........ 1
  Head Tolerance ........... 0.005000 ft
  
  
  *********************
  Control Actions Taken
  *********************

  
  **************************        Volume         Depth
  Runoff Quantity Continuity     acre-feet        inches
  **************************     ---------       -------
  Total Precipitation ......       392.822         4.610
  Evaporation Loss .........         0.000         0.000
  Infiltration Loss ........        55.375         0.650
  Surface Runoff ...........       337.285         3.958
  Final Storage ............         0.543         0.006
  Continuity Error (%) .....        -0.097
  
  
  **************************        Volume        Volume
  Flow Routing Continuity        acre-feet      10^6 gal
  **************************     ---------     ---------
  Dry Weather Inflow .......         0.000         0.000
  Wet Weather Inflow .......       337.275       109.906
  Groundwater Inflow .......         0.000         0.000
  RDII Inflow ..............         0.000         0.000
  External Inflow ..........         0.000         0.000
  External Outflow .........       335.181       109.224
  Flooding Loss ............         0.000         0.000
  Evaporation Loss .........         0.000         0.000
  Exfiltration Loss ........         0.000         0.000
  Initial Stored Volume ....         7.607         2.479
  Final Stored Volume ......        10.871         3.542
  Continuity Error (%) .....        -0.339
  
  
  *************************
  Highest Continuity Errors
  *************************
  Node IN-G19 (-1.48%)
  
  
  ***************************
  Time-Step Critical Elements
  ***************************
  Link CL-F47 (54.20%)
  Link LAT-F56a (29.45%)
  Link LAT-G4 (3.64%)
  Link 203 (1.49%)
  
  
  ********************************
  Highest Flow Instability Indexes
  ********************************
  Link CL-G01 (33)
  Link LAT-F8 (30)
  Link LAT-F42f (23)
  Link LAT-F30h (20)
  Link C173 (18)
  
  
  *************************
  Routing Time Step Summary
  *************************
  Minimum Time Step           :     0.50 sec
  Average Time Step           :     1.85 sec
  Maximum Time Step           :    12.00 sec
  Percent in Steady State     :     0.00
  Average Iterations per Step :     2.22
  Percent Not Converging      :     0.00
  
  
  ***************************
  Subcatchment Runoff Summary
  ***************************
  
  --------------------------------------------------------------------------------------------------------
                            Total      Total      Total      Total      Total       Total     Peak  Runoff
                           Precip      Runon       Evap      Infil     Runoff      Runoff   Runoff   Coeff
  Subcatchment                 in         in         in         in         in    10^6 gal      CFS
  --------------------------------------------------------------------------------------------------------
  DA-F2                      4.61       0.00       0.00       2.08       2.54        0.10     3.01   0.552
  DA-F2B                     4.61       0.00       0.00       2.08       2.54        0.02     0.50   0.552
  DA-F3                      4.61       0.00       0.00       2.73       1.89        0.01     0.59   0.411
  DA-F3B                     4.61       0.00       0.00       2.73       1.89        0.06     2.08   0.410
  DA-F4                      4.61       0.00       0.00       2.85       1.77        0.06     1.93   0.384
  DA-F5                      4.61       0.00       0.00       0.91       3.71        0.19     3.66   0.805
  DA-F6                      4.61       0.00       0.00       3.10       1.52        0.01     0.31   0.329
  DA-F8                      4.61       0.00       0.00       3.01       1.61        0.15     4.83   0.349
  DA-F9                      4.61       0.00       0.00       3.64       0.98        0.01     0.54   0.213
  DA-F10                     4.61       0.00       0.00       0.32       4.33        0.03     0.75   0.938
  DA-F10A                    4.61       0.00       0.00       0.52       4.12        0.02     0.45   0.894
  DA-F10B                    4.61       0.00       0.00       0.52       4.12        0.03     0.67   0.893
  DA-F10C                    4.61       0.00       0.00       0.52       4.12        0.02     0.60   0.893
  DA-F10D                    4.61       0.00       0.00       0.52       4.12        0.02     0.63   0.893
  DA-F10E                    4.61       0.00       0.00       0.52       4.12        0.02     0.47   0.894
  DA-F10F                    4.61       0.00       0.00       0.52       4.12        0.04     0.96   0.893
  DA-F11                     4.61       0.00       0.00       3.05       1.56        0.04     1.07   0.338
  DA-F12                     4.61       0.00       0.00       0.52       4.11        0.02     0.55   0.892
  DA-F12B                    4.61       0.00       0.00       0.65       3.99        0.03     0.79   0.866
  DA-F13                     4.61       0.00       0.00       1.90       2.74        0.02     0.75   0.593
  DA-F14                     4.61       0.00       0.00       2.00       2.62        0.05     1.03   0.569
  DA-F15                     4.61       0.00       0.00       3.28       1.34        0.06     2.22   0.290
  DA-F16                     4.61       0.00       0.00       0.93       3.71        0.02     0.71   0.805
  DA-F16B                    4.61       0.00       0.00       1.90       2.73        0.02     0.82   0.593
  DA-F16C                    4.61       0.00       0.00       1.55       3.09        0.02     0.57   0.670
  DA-F17                     4.61       0.00       0.00       3.40       1.22        0.01     0.26   0.264
  DA-F18                     4.61       0.00       0.00       2.16       2.46        0.11     3.67   0.534
  DA-F18B                    4.61       0.00       0.00       3.54       1.08        0.07     2.99   0.234
  DA-F19                     4.61       0.00       0.00       0.52       4.12        0.03     0.83   0.893
  DA-F20                     4.61       0.00       0.00       1.59       3.02        0.12     2.47   0.656
  DA-F21                     4.61       0.00       0.00       1.06       3.57        0.03     0.89   0.774
  DA-F22                     4.61       0.00       0.00       2.87       1.74        0.02     0.32   0.378
  DA-F23                     4.61       0.00       0.00       3.54       1.08        0.01     0.48   0.234
  DA-F23B                    4.61       0.00       0.00       1.32       3.31        0.04     1.09   0.718
  DA-F24                     4.61       0.00       0.00       0.36       4.26        0.04     0.67   0.925
  DA-F25                     4.61       0.00       0.00       1.86       2.76        0.32     6.83   0.598
  DA-F26                     4.61       0.00       0.00       1.81       2.81        0.64    10.64   0.609
  DA-F27                     4.61       0.00       0.00       0.19       4.43        0.11     1.33   0.962
  DA-F28                     4.61       0.00       0.00       3.64       0.98        0.03     1.32   0.213
  DA-F29A                    4.61       0.00       0.00       0.63       4.00        0.08     1.55   0.868
  DA-F29B                    4.61       0.00       0.00       0.63       4.00        0.08     1.55   0.868
  DA-F30                     4.61       0.00       0.00       0.93       3.71        0.13     3.57   0.804
  DA-F31                     4.61       0.00       0.00       1.06       3.56        0.10     2.51   0.773
  DA-F32                     4.61       0.00       0.00       0.19       4.43        0.05     0.89   0.961
  DA-F33A                    4.61       0.00       0.00       1.06       3.57        0.05     1.24   0.774
  DA-F33B                    4.61       0.00       0.00       1.80       2.81        0.06     1.08   0.610
  DA-F33C                    4.61       0.00       0.00       0.32       4.33        0.19     4.75   0.938
  DA-F34                     4.61       0.00       0.00       1.07       3.56        0.10     2.30   0.772
  DA-F35                     4.61       0.00       0.00       3.50       1.11        0.01     0.31   0.241
  DA-F37                     4.61       0.00       0.00       2.83       1.78        0.04     0.72   0.386
  DA-F38                     4.61       0.00       0.00       0.18       4.43        0.17     1.88   0.962
  DA-F39                     4.61       0.00       0.00       0.19       4.43        0.33     4.55   0.962
  DA-F40                     4.61       0.00       0.00       0.65       3.99        0.07     1.97   0.866
  DA-F41                     4.61       0.00       0.00       1.01       3.61        0.30     4.25   0.783
  DA-F42                     4.61       0.00       0.00       2.68       1.94        0.04     0.45   0.420
  DA-F43                     4.61       0.00       0.00       1.01       3.61        0.27     4.75   0.783
  DA-F44A                    4.61       0.00       0.00       0.19       4.43        0.07     0.92   0.962
  DA-F45A                    4.61       0.00       0.00       1.19       3.42        0.20     2.79   0.742
  DA-F45B                    4.61       0.00       0.00       1.19       3.42        0.20     2.79   0.742
  DA-F45C                    4.61       0.00       0.00       1.19       3.42        0.20     2.79   0.742
  DA-F46                     4.61       0.00       0.00       1.80       2.82        1.61    34.92   0.612
  DA-F47                     4.61       0.00       0.00       1.44       3.19        0.09     2.45   0.692
  DA-F48                     4.61       0.00       0.00       1.27       3.35        2.04    36.80   0.727
  DA-F49                     4.61       0.00       0.00       2.50       2.11        0.06     0.61   0.458
  DA-F50                     4.61       0.00       0.00       0.63       3.99        0.30     3.42   0.865
  DA-F51                     4.61       0.00       0.00       1.93       2.69        1.38    27.11   0.583
  DA-F52                     4.61       0.00       0.00       2.32       2.30        0.09     3.09   0.500
  DA-F52B                    4.61       0.00       0.00       2.47       2.16        0.07     2.95   0.468
  DA-F44B                    4.61       0.00       0.00       0.19       4.43        0.14     1.86   0.962
  DA-F53                     4.61       0.00       0.00       2.54       2.09        0.02     0.69   0.453
  DA-F54                     4.61       0.00       0.00       2.90       1.72        0.05     2.02   0.374
  DA-F55                     4.61       0.00       0.00       1.87       2.75        0.80    14.06   0.596
  DA-F56                     4.61       0.00       0.00       2.45       2.16        0.07     0.79   0.468
  DA-F57A                    4.61       0.00       0.00       1.90       2.72        0.02     0.58   0.591
  DA-F57B                    4.61       0.00       0.00       1.90       2.72        0.02     0.58   0.591
  DA-F58                     4.61       0.00       0.00       0.37       4.26        0.09     1.84   0.925
  DA-F59                     4.61       0.00       0.00       1.73       2.89        0.09     1.95   0.626
  DA-F60                     4.61       0.00       0.00       1.19       3.42        0.24     3.89   0.743
  DA-F61                     4.61       0.00       0.00       1.28       3.33        0.14     1.80   0.723
  DA-F62                     4.61       0.00       0.00       0.48       4.14        0.43     4.09   0.897
  DA-F63                     4.61       0.00       0.00       2.32       2.30        0.07     2.52   0.500
  DA-F63A                    4.61       0.00       0.00       2.24       2.37        0.22     6.27   0.515
  DA-F63B                    4.61       0.00       0.00       2.32       2.30        0.21     6.43   0.498
  DA-F64                     4.61       0.00       0.00       0.37       4.26        0.21     4.51   0.925
  DA-F65                     4.61       0.00       0.00       0.37       4.26        0.09     1.88   0.924
  DA-F66                     4.61       0.00       0.00       2.67       1.96        0.05     1.78   0.424
  DA-F67                     4.61       0.00       0.00       3.47       1.15        0.01     0.42   0.248
  DA-F68                     4.61       0.00       0.00       3.40       1.22        0.18     4.87   0.264
  DA-F69                     4.61       0.00       0.00       2.54       2.08        0.43    15.05   0.452
  DA-F70                     4.61       0.00       0.00       1.37       3.25        0.15     1.81   0.705
  DA-F70B                    4.61       0.00       0.00       1.68       2.93        0.31     4.20   0.636
  DA-F71                     4.61       0.00       0.00       2.85       1.77        0.08     2.96   0.385
  DA-F72                     4.61       0.00       0.00       2.48       2.14        0.07     1.96   0.465
  DA-F74                     4.61       0.00       0.00       0.73       3.89        0.24     3.02   0.844
  DA-F75                     4.61       0.00       0.00       1.68       2.93        0.34     4.62   0.636
  DA-F76                     4.61       0.00       0.00       3.47       1.15        0.01     0.41   0.248
  DA-F77                     4.61       0.00       0.00       1.19       3.42        0.36     5.26   0.743
  DA-F78                     4.61       0.00       0.00       2.59       2.02        0.07     0.90   0.438
  DA-F79                     4.61       0.00       0.00       0.59       4.03        0.51     6.57   0.874
  DA-F80                     4.61       0.00       0.00       3.40       1.22        0.02     0.46   0.264
  DA-F81                     4.61       0.00       0.00       3.36       1.25        0.02     0.44   0.272
  DA-F82                     4.61       0.00       0.00       2.75       1.86        0.05     0.69   0.403
  DA-F83                     4.61       0.00       0.00       1.10       3.51        0.38     4.75   0.762
  DA-F84                     4.61       0.00       0.00       2.50       2.11        0.14     1.48   0.457
  DA-F85                     4.61       0.00       0.00       1.28       3.33        0.41     5.53   0.723
  DA-E1                      4.61       0.00       0.00       0.60       4.03        0.06     1.32   0.875
  DA-E2                      4.61       0.00       0.00       0.50       4.14        0.09     2.21   0.898
  DA-E3                      4.61       0.00       0.00       0.76       3.88        0.02     0.48   0.842
  DA-E4                      4.61       0.00       0.00       0.50       4.13        0.05     1.24   0.897
  DA-E5                      4.61       0.00       0.00       0.60       4.03        0.10     2.18   0.874
  DA-E6                      4.61       0.00       0.00       0.68       3.96        0.03     0.92   0.859
  DA-E7                      4.61       0.00       0.00       0.59       4.04        0.04     0.93   0.877
  DA-E8                      4.61       0.00       0.00       0.41       4.24        0.02     0.58   0.920
  DA-E9                      4.61       0.00       0.00       0.41       4.25        0.01     0.39   0.921
  DA-E10                     4.61       0.00       0.00       0.59       4.04        0.06     1.37   0.876
  DA-E11                     4.61       0.00       0.00       0.59       4.04        0.05     1.37   0.877
  DA-E12                     4.61       0.00       0.00       0.59       4.05        0.07     1.74   0.878
  DA-E13                     4.61       0.00       0.00       0.50       4.13        0.09     2.05   0.896
  DA-E14                     4.61       0.00       0.00       0.68       3.97        0.03     0.83   0.861
  DA-E15                     4.61       0.00       0.00       0.68       3.97        0.03     0.72   0.861
  DA-H1                      4.61       0.00       0.00       0.94       3.69        0.04     1.11   0.801
  DA-H2                      4.61       0.00       0.00       0.50       4.13        0.11     2.50   0.895
  DA-H3                      4.61       0.00       0.00       0.69       3.94        0.05     0.94   0.854
  DA-H4                      4.61       0.00       0.00       0.31       4.33        0.06     1.62   0.939
  DA-H5                      4.61       0.00       0.00       0.69       3.94        0.11     2.58   0.856
  DA-H6                      4.61       0.00       0.00       0.95       3.68        0.06     1.33   0.799
  DA-H7                      4.61       0.00       0.00       0.32       4.32        0.19     4.27   0.937
  DA-H8                      4.61       0.00       0.00       0.41       4.25        0.03     0.96   0.921
  DA-H9                      4.61       0.00       0.00       0.41       4.24        0.04     1.19   0.920
  DA-H10                     4.61       0.00       0.00       0.41       4.24        0.17     4.51   0.920
  DA-G1                      4.61       0.00       0.00       0.12       4.51        0.09     1.53   0.978
  DA-G2                      4.61       0.00       0.00       0.11       4.50        0.43     4.32   0.976
  DA-G3                      4.61       0.00       0.00       0.22       4.41        0.22     4.48   0.957
  DA-G4                      4.61       0.00       0.00       0.11       4.51        0.26     3.58   0.977
  DA-G5                      4.61       0.00       0.00       0.12       4.51        0.06     1.07   0.978
  DA-G6                      4.61       0.00       0.00       0.76       3.89        0.10     2.78   0.844
  DA-G7                      4.61       0.00       0.00       1.01       3.64        0.05     1.56   0.790
  DA-G8                      4.61       0.00       0.00       0.41       4.23        0.04     1.03   0.918
  DA-G9                      4.61       0.00       0.00       0.12       4.51        0.04     0.78   0.979
  DA-G10                     4.61       0.00       0.00       0.12       4.51        0.14     2.29   0.978
  DA-G11                     4.61       0.00       0.00       0.12       4.51        0.35     5.59   0.978
  DA-G12                     4.61       0.00       0.00       0.11       4.50        0.11     1.34   0.977
  DA-G13                     4.61       0.00       0.00       0.22       4.40        0.15     1.89   0.955
  DA-G14                     4.61       0.00       0.00       0.51       4.13        0.05     1.12   0.895
  DA-G15                     4.61       0.00       0.00       0.68       3.97        0.03     0.71   0.861
  DA-G16                     4.61       0.00       0.00       0.68       3.96        0.04     1.21   0.859
  DA-G17                     4.61       0.00       0.00       0.41       4.21        0.07     1.40   0.914
  DA-G18                     4.61       0.00       0.00       0.41       4.23        0.07     1.69   0.917
  DA-G19                     4.61       0.00       0.00       0.59       4.04        0.04     0.95   0.877
  DA-1118                    4.61       0.00       0.00       1.67       2.94        0.99     9.84   0.638
  DA-1119                    4.61       0.00       0.00       1.69       2.92        1.48    12.50   0.633
  DA-1120                    4.61       0.00       0.00       1.72       2.89        1.10     7.89   0.627
  DA-1121                    4.61       0.00       0.00       1.71       2.91        0.37     7.94   0.632
  DA-C1                      4.61       0.00       0.00       0.41       4.21        0.12     1.66   0.914
  DA-C2                      4.61       0.00       0.00       0.11       4.49        0.60     3.49   0.975
  DA-C3                      4.61       0.00       0.00       2.96       1.66        0.01     0.15   0.361
  DA-C4                      4.61       0.00       0.00       0.69       3.93        0.17     1.53   0.852
  DA-C5                      4.61       0.00       0.00       1.86       2.76        0.09     1.45   0.598
  DA-C6                      4.61       0.00       0.00       0.86       3.76        0.09     1.40   0.816
  DA-C7                      4.61       0.00       0.00       1.85       2.77        0.24     4.41   0.601
  DA-C8                      4.61       0.00       0.00       0.41       4.21        0.07     1.02   0.913
  DA-C9                      4.61       0.00       0.00       0.87       3.74        1.31    10.17   0.811
  DA-C10                     4.61       0.00       0.00       1.38       3.23        0.02     0.25   0.701
  DA-C11                     4.61       0.00       0.00       1.20       3.42        0.18     2.76   0.741
  DA-C12                     4.61       0.00       0.00       1.45       3.16        0.14     1.62   0.686
  DA-C13                     4.61       0.00       0.00       1.74       2.87        0.08     1.12   0.623
  DA-C14                     4.61       0.00       0.00       0.79       3.83        0.06     1.03   0.831
  DA-C15                     4.61       0.00       0.00       1.79       2.83        0.13     2.17   0.613
  DA-C16                     4.61       0.00       0.00       1.81       2.81        0.06     0.90   0.610
  DA-C17                     4.61       0.00       0.00       0.11       4.51        0.06     0.76   0.977
  DA-C18                     4.61       0.00       0.00       1.81       2.81        0.18     2.83   0.610
  DA-C19b                    4.61       0.00       0.00       0.95       3.66        0.52     4.15   0.793
  DA-C19a                    4.61       0.00       0.00       0.95       3.66        0.52     4.15   0.793
  DA-C20                     4.61       0.00       0.00       0.11       4.51        0.16     2.34   0.978
  LINE-S                     4.61       0.00       0.00       0.11       4.49       15.22    71.26   0.974
  LINE-R                     4.61       0.00       0.00       0.11       4.48       24.03   100.66   0.973
  LINE-P                     4.61       0.00       0.00       0.12       4.51        0.09     1.51   0.978
  LINE-W                     4.61       0.00       0.00       0.42       4.19        6.61    44.77   0.909
  C-2                        4.61       0.00       0.00       0.11       4.49       16.56    83.19   0.974
  LATQ1                      4.61       0.00       0.00       0.41       4.21        0.33     4.06   0.913
  LAT-Q2                     4.61       0.00       0.00       0.60       4.04        0.09     2.19   0.875
  Campus_01                  4.61       0.00       0.00       0.00       4.61        5.77    38.42   1.000
  Campus_02                  4.61       0.00       0.00       0.62       3.98        4.98    21.75   0.864
  Campus_03                  4.61       0.00       0.00       0.62       3.98        4.98    21.75   0.864
  JONES-DRAIN                4.61       0.00       0.00       0.00       4.61        0.81     6.44   1.000
  
  
  ******************
  Node Depth Summary
  ******************
  
  ---------------------------------------------------------------------------------
                                 Average  Maximum  Maximum  Time of Max    Reported
                                   Depth    Depth      HGL   Occurrence   Max Depth
  Node                 Type         Feet     Feet     Feet  days hr:min        Feet
  ---------------------------------------------------------------------------------
  1                    OUTFALL      5.22     5.22  3168.00     0  00:00        5.22
  ConcreteChannel      OUTFALL      0.23     1.09  3221.47     4  01:13        1.09
  PlayaLake44          STORAGE      7.43     9.77  3223.27     4  01:13        9.77
  PlayaLake44b         STORAGE      4.94     7.39  3223.39     4  01:10        7.39
  IN_4337              STORAGE      2.54     4.98  3216.06     3  18:50        4.98
  IN_4749              STORAGE      2.13     4.08  3215.22     4  00:41        4.08
  IN_4748              STORAGE      1.85     3.55  3213.90     4  00:42        3.55
  IN-F79               STORAGE      2.88    10.20  3189.04     4  01:35       10.20
  IN-F78               STORAGE      3.48     9.79  3187.69     4  01:51        9.79
  IN-F77               STORAGE      0.06     0.53  3182.86     4  00:35        0.53
  IN-F48               STORAGE      0.15     3.14  3205.00     4  00:41        3.13
  IN-F41               STORAGE      0.14     2.89  3200.39     4  00:46        2.85
  IN-F43               STORAGE      0.20     3.20  3200.55     4  00:46        3.18
  IN_1120              STORAGE      0.95     3.85  3212.12     4  00:55        3.85
  IN_1118              STORAGE      0.46     2.75  3212.84     4  00:54        2.75
  IN_1119              STORAGE      0.89     4.06  3212.82     4  00:54        4.06
  IN-C9                STORAGE      0.17     1.27  3204.57     4  00:50        1.27
  IN-F46               STORAGE      0.23    10.69  3211.22     4  00:39       10.69
  IN-G2                STORAGE      0.08     0.60  3212.31     4  00:37        0.55
  IN-G3                STORAGE      0.20     2.33  3211.37     4  00:37        2.14
  IN-G4                STORAGE      0.18     2.15  3210.93     4  00:37        2.02
  JC3                  STORAGE      0.48     2.80  3204.00     4  00:56        2.80
  JBG1                 STORAGE      1.50     9.88  3210.01     4  00:55        9.88
  IN_1121              STORAGE      1.62     4.53  3211.65     4  00:53        4.53
  IN-G12               STORAGE      0.72     5.60  3210.89     4  00:55        5.60
  IN-C3                STORAGE      0.02     0.44  3205.77     4  00:40        0.44
  IN-C1                STORAGE      0.18     1.12  3205.79     4  00:40        1.12
  IN-C2                STORAGE      0.11     0.48  3207.00     3  18:50        0.48
  MC1                  STORAGE      0.29     1.25  3205.77     4  00:40        1.25
  IN-C4                STORAGE      0.17     1.05  3204.66     4  00:41        1.04
  JC1                  STORAGE      0.23     1.48  3204.39     4  00:54        1.48
  JC2                  STORAGE      0.30     2.28  3204.20     4  00:57        2.27
  IN-C8                STORAGE      0.44     2.78  3204.08     4  00:57        2.77
  JC4                  STORAGE      0.42     2.59  3203.69     4  00:57        2.59
  IN-C11               STORAGE      0.48     2.82  3203.21     4  00:59        2.82
  JC5                  STORAGE      0.46     2.66  3202.87     4  01:03        2.66
  JC6                  STORAGE      0.37     2.45  3202.47     4  01:06        2.45
  IN-C14               STORAGE      0.55     3.09  3201.92     4  01:06        3.09
  JC7                  STORAGE      0.54     2.88  3201.55     4  01:05        2.88
  JC8                  STORAGE      0.47     2.58  3201.15     4  01:04        2.58
  IN-C17               STORAGE      0.52     2.63  3200.43     4  01:03        2.63
  JC9                  STORAGE      0.48     2.29  3199.92     4  01:02        2.29
  MH_30                STORAGE      1.33     6.72  3176.62     4  01:31        6.72
  IN-G1                STORAGE      0.07     1.58  3210.17     4  00:38        1.51
  MG1                  STORAGE      0.08     1.90  3210.16     4  00:38        1.83
  JG1                  STORAGE      0.20     2.32  3210.14     4  00:38        2.25
  IN-G5                STORAGE      0.24     2.54  3209.60     4  00:38        2.48
  IN-G6                STORAGE      0.26     2.30  3209.10     4  00:37        2.24
  IN-G7                STORAGE      0.25     2.46  3208.02     4  00:38        2.42
  IN-G8                STORAGE      0.23     2.27  3207.58     4  00:38        2.24
  IN-G9                STORAGE      0.22     1.92  3206.35     4  00:39        1.91
  IN-G10               STORAGE      0.68     2.67  3201.93     4  00:53        2.66
  IN-G11               STORAGE      0.07     2.25  3206.78     4  00:54        2.25
  IN-C12               STORAGE      0.06     0.94  3202.88     4  01:02        0.94
  201                  STORAGE      2.45     4.27  3213.84     4  01:07        4.27
  203                  STORAGE      2.65     4.83  3215.14     4  00:51        4.83
  205                  STORAGE      2.58     4.89  3215.77     3  19:09        4.89
  IN-G14               STORAGE      0.75     8.56  3210.01     4  00:56        8.56
  IN-G15               STORAGE      0.42     7.31  3210.00     4  00:54        7.31
  IN-G16               STORAGE      0.35     7.01  3210.00     4  00:54        7.01
  IN-G17               STORAGE      0.24     6.22  3210.00     4  00:59        6.20
  IN-G18               STORAGE      0.18     5.72  3210.00     4  01:00        5.72
  IN-G19               STORAGE      0.14     5.36  3210.01     4  01:02        5.35
  IN-G13               STORAGE      0.14     5.13  3210.02     4  00:56        5.12
  IN-F75               STORAGE      0.09     0.75  3187.25     4  00:35        0.75
  JONES-STORE          STORAGE     12.21    13.30  3189.30     8  00:00       13.30
  MF12                 STORAGE      0.98     6.85  3182.86     4  01:19        6.85
  MH_5339              STORAGE      1.03     4.17  3211.18     4  00:55        4.17
  MF1                  STORAGE      1.08     1.88  3205.68     4  00:41        1.87
  MF1B                 STORAGE      1.15     2.31  3205.39     4  00:41        2.30
  IN-F2                STORAGE      0.06     0.85  3223.98     4  00:35        0.84
  IN-F2B               STORAGE      0.01     0.15  3226.62     4  00:35        0.15
  IN-F3                STORAGE      0.01     0.22  3221.69     4  00:35        0.22
  IN-F3B               STORAGE      0.05     0.65  3218.56     4  00:35        0.64
  IN-F4                STORAGE      0.02     0.23  3212.57     4  00:35        0.23
  JF2                  STORAGE      1.33     2.75  3205.19     4  00:41        2.73
  IN-F5                STORAGE      0.03     0.31  3206.46     3  18:25        0.31
  IN-F6                STORAGE      0.01     0.13  3207.08     4  00:35        0.13
  BEND_BF2             STORAGE      0.01     0.11  3205.24     4  00:35        0.11
  JF4                  STORAGE      1.35     2.79  3204.80     4  00:42        2.76
  BEND_BF3             STORAGE      1.18     2.62  3204.61     4  00:42        2.59
  BEND_BF1             STORAGE      1.44     2.90  3204.97     4  00:42        2.87
  IN-F8                STORAGE      0.07     1.18  3204.51     4  00:40        1.18
  MF2                  STORAGE      1.37     3.11  3204.37     4  00:42        3.08
  IN-F9                STORAGE      0.06     1.46  3204.20     4  00:43        1.44
  JF5                  STORAGE      1.46     3.23  3204.20     4  00:43        3.21
  IN-F10               STORAGE      0.02     0.30  3204.05     4  00:43        0.28
  JF6                  STORAGE      1.48     3.23  3204.04     4  00:43        3.22
  JF7                  STORAGE      1.39     3.11  3203.89     4  00:43        3.10
  IN-F11               STORAGE      0.03     0.70  3203.91     4  00:43        0.68
  BEND_BF5             STORAGE      0.02     0.21  3204.23     4  00:34        0.21
  IN-F12               STORAGE      0.02     0.25  3204.68     4  00:35        0.25
  IN-F13               STORAGE      0.01     0.20  3205.50     4  00:30        0.20
  BEND_BF8             STORAGE      0.02     1.14  3203.33     4  00:44        1.14
  BEND_BF6             STORAGE      1.42     3.14  3203.70     4  00:43        3.13
  BEND_BF7             STORAGE      1.37     3.05  3203.52     4  00:44        3.04
  JF8                  STORAGE      1.24     2.89  3203.33     4  00:44        2.89
  IN-F10A              STORAGE      0.01     0.16  3203.70     4  00:35        0.16
  IN-F10B              STORAGE      0.03     0.35  3204.99     4  00:35        0.35
  MF2B                 STORAGE      1.22     2.90  3203.10     4  00:44        2.89
  IN-F12B              STORAGE      0.03     0.38  3204.53     4  00:35        0.37
  IN-F15               STORAGE      0.02     0.33  3206.43     4  00:35        0.32
  IN-F14               STORAGE      0.04     1.24  3202.86     4  00:44        1.24
  JF9                  STORAGE      1.21     2.96  3202.84     4  00:44        2.96
  IN-F10C              STORAGE      0.02     0.20  3207.30     4  00:35        0.20
  JBF3                 STORAGE      0.03     0.39  3207.55     4  00:35        0.39
  IN-F16               STORAGE      0.01     0.19  3223.29     4  00:35        0.19
  JF10                 STORAGE      1.19     2.96  3202.54     4  00:45        2.96
  IN-F10D              STORAGE      0.02     0.20  3208.50     4  00:35        0.20
  JBF7                 STORAGE      0.02     0.37  3208.88     4  00:35        0.37
  IN-F16B              STORAGE      0.01     0.20  3220.91     4  00:35        0.20
  JF10B                STORAGE      1.12     2.96  3202.24     4  00:46        2.96
  IN-F10E              STORAGE      0.01     0.17  3210.22     4  00:35        0.16
  JBF4                 STORAGE      0.01     0.26  3210.66     4  00:35        0.26
  IN-F16C              STORAGE      0.01     0.17  3216.57     4  00:35        0.17
  IN-F18B              STORAGE      0.02     0.34  3211.08     4  00:35        0.34
  IN-F18               STORAGE      0.08     1.29  3208.56     4  00:35        1.28
  MF3                  STORAGE      1.21     3.42  3201.95     4  00:46        3.40
  IN-F10F              STORAGE      0.04     0.50  3212.19     4  00:35        0.49
  IN-F17               STORAGE      0.03     0.48  3212.20     4  00:35        0.47
  JF11                 STORAGE      1.13     3.42  3201.74     4  00:47        3.39
  IN-F19               STORAGE      0.01     0.15  3217.38     4  00:35        0.15
  JF12                 STORAGE      1.04     3.55  3201.52     4  00:47        3.51
  IN-F21               STORAGE      0.01     0.17  3214.63     4  00:35        0.17
  IN-F23               STORAGE      0.08     0.87  3220.28     4  00:35        0.86
  IN-F20               STORAGE      0.03     0.42  3220.88     4  00:35        0.42
  IN-F23B              STORAGE      0.07     0.78  3219.76     4  00:36        0.75
  IN-F24               STORAGE      0.09     1.08  3218.85     4  00:37        1.04
  JBF10                STORAGE      0.06     0.63  3209.52     4  00:37        0.61
  MF4                  STORAGE      0.74     4.22  3201.14     4  00:46        4.19
  JF13                 STORAGE      1.11     4.07  3201.29     4  00:46        4.04
  IN-F22               STORAGE      0.01     0.09  3218.38     4  00:35        0.09
  IN-F35               STORAGE      0.01     0.10  3206.83     4  00:35        0.10
  JF16                 STORAGE      0.68     4.27  3200.86     4  00:46        4.22
  IN-F37               STORAGE      0.02     0.80  3200.57     4  00:46        0.73
  JF17                 STORAGE      0.71     4.62  3200.56     4  00:46        4.56
  IN-F45C              STORAGE      0.05     0.71  3219.64     4  00:36        0.69
  IN-F45B              STORAGE      0.08     1.08  3219.51     4  00:36        1.06
  IN-F45A              STORAGE      0.14     1.37  3219.30     4  00:36        1.35
  IN-F44B              STORAGE      0.16     1.50  3218.88     4  00:37        1.48
  IN-F44A              STORAGE      0.13     1.08  3218.30     4  00:36        1.06
  BEND_BF15            STORAGE      0.14     1.32  3216.68     4  00:38        1.31
  BEND_BF14            STORAGE      0.15     1.49  3215.97     4  00:38        1.49
  MF6C                 STORAGE      0.14     1.27  3215.35     4  00:39        1.26
  JBF15                STORAGE      0.21     3.19  3200.63     4  00:45        3.18
  IN-F42               STORAGE      0.26     4.13  3200.38     4  00:46        4.09
  MF6                  STORAGE      0.66     5.07  3200.30     4  00:46        5.02
  JBF14                STORAGE      0.17     2.86  3200.43     4  00:46        2.82
  MF6B                 STORAGE      0.17     1.35  3216.29     4  00:38        1.35
  IN-F40               STORAGE      0.18     1.57  3216.62     4  00:38        1.55
  BEND_BF11            STORAGE      0.18     1.39  3217.23     4  00:39        1.39
  BEND_BF10            STORAGE      0.17     1.55  3217.59     4  00:39        1.55
  IN-F39               STORAGE      0.15     1.25  3218.41     4  00:37        1.24
  IN-F38               STORAGE      0.07     0.55  3218.59     4  00:38        0.54
  JF18                 STORAGE      0.83     5.48  3199.93     4  00:46        5.45
  JF20                 STORAGE      0.76     5.24  3199.48     4  00:46        5.21
  JF19                 STORAGE      0.20     7.24  3206.33     4  00:43        7.13
  IN-F47               STORAGE      0.02     0.22  3210.26     4  00:35        0.22
  IN-F50               STORAGE      0.06     0.37  3202.04     4  00:35        0.36
  IN-F49               STORAGE      0.13     3.40  3198.62     4  00:46        3.36
  JF20B                STORAGE      0.89     6.00  3198.57     4  00:46        5.96
  JF21                 STORAGE      0.87     5.76  3198.03     4  00:46        5.72
  IN-F51               STORAGE      0.12     1.84  3204.21     4  00:35        1.81
  IN-F52               STORAGE      0.05     0.79  3203.71     4  00:35        0.79
  MF7                  STORAGE      0.77     5.29  3197.30     4  00:48        5.28
  IN-F52B              STORAGE      0.02     0.34  3202.84     4  00:32        0.32
  JF22                 STORAGE      0.73     5.25  3196.34     4  00:50        5.25
  JF23                 STORAGE      0.85     5.52  3195.32     4  00:53        5.50
  IN-F53               STORAGE      0.01     0.15  3204.72     4  00:33        0.15
  MF8                  STORAGE      0.72     5.12  3194.60     4  00:54        5.12
  IN-F54               STORAGE      0.04     0.67  3206.19     4  00:35        0.67
  IN-F25               STORAGE      0.14     1.52  3213.36     4  00:39        1.52
  IN-F63A              STORAGE      0.04     0.53  3201.48     4  00:35        0.52
  JF23B                STORAGE      0.80     5.31  3193.63     4  00:55        5.30
  IN-F63B              STORAGE      0.09     1.27  3198.80     4  00:35        1.26
  MF9                  STORAGE      0.95     6.61  3192.72     4  00:56        6.59
  IN-F55               STORAGE      0.20     2.58  3200.47     4  00:35        2.48
  IN-F63               STORAGE      0.05     0.83  3197.03     4  00:35        0.83
  IN-F65               STORAGE      0.04     0.36  3212.73     4  00:35        0.36
  IN-F64               STORAGE      0.08     1.10  3212.13     4  00:35        1.10
  IN-F66               STORAGE      0.03     0.50  3202.73     4  00:35        0.50
  MF10                 STORAGE      0.95     6.11  3190.12     4  00:59        6.11
  IN-F67               STORAGE      0.01     0.12  3203.62     4  00:35        0.12
  JF28                 STORAGE      0.94     5.78  3189.41     4  01:00        5.78
  IN-F68               STORAGE      0.03     0.41  3202.97     4  00:35        0.41
  JF26                 STORAGE      0.80     5.85  3191.00     4  00:58        5.84
  IN-F57B              STORAGE      0.03     0.49  3218.38     4  00:35        0.48
  IN-F60               STORAGE      0.06     0.67  3196.68     4  00:36        0.65
  JF24                 STORAGE      0.98     6.49  3192.18     4  00:57        6.46
  BEND_BF17            STORAGE      0.05     0.60  3210.84     4  00:37        0.57
  JF25                 STORAGE      0.93     6.20  3191.64     4  00:57        6.18
  IN-F58               STORAGE      0.06     0.81  3218.19     4  00:35        0.80
  IN-F57A              STORAGE      0.03     0.45  3218.33     4  00:35        0.44
  IN-F56               STORAGE      0.02     0.16  3192.35     4  00:35        0.16
  BEND_BF19            STORAGE      0.12     1.01  3195.85     4  00:36        0.98
  IN-F62               STORAGE      0.14     1.14  3196.30     4  00:35        1.13
  IN-F59               STORAGE      0.08     1.05  3197.24     4  00:37        1.01
  IN-F61               STORAGE      0.05     0.63  3191.68     4  00:33        0.51
  BEND_BF18            STORAGE      0.16     1.17  3195.28     4  00:36        1.12
  BEND_BF21            STORAGE      0.05     0.59  3211.12     4  00:35        0.58
  BEND_BF20            STORAGE      0.07     1.02  3205.89     4  00:35        0.99
  JF27                 STORAGE      0.05     0.66  3201.90     4  00:35        0.64
  JF29                 STORAGE      0.77     5.22  3188.61     4  01:01        5.20
  IN-H1                STORAGE      0.03     0.53  3213.18     4  00:35        0.52
  IN-H2                STORAGE      0.09     0.90  3213.07     4  00:36        0.88
  JF30                 STORAGE      0.91     6.01  3186.32     4  01:06        6.01
  IN-F70               STORAGE      0.05     0.49  3194.85     4  00:36        0.48
  IN-F69               STORAGE      0.13     2.78  3203.63     4  00:35        2.73
  MF11                 STORAGE      0.84     5.72  3187.33     4  01:04        5.72
  IN-H3                STORAGE      0.12     1.59  3201.17     4  00:37        1.50
  IN-H4                STORAGE      0.03     0.47  3213.57     4  00:35        0.47
  JH1                  STORAGE      0.16     1.95  3209.43     4  00:37        1.86
  IN-H5                STORAGE      0.03     0.47  3209.59     4  00:36        0.44
  IN-H6                STORAGE      0.15     2.18  3209.77     4  00:37        2.07
  IN-H7                STORAGE      0.11     1.83  3210.26     4  00:36        1.75
  IN-H8                STORAGE      0.10     1.75  3210.42     4  00:36        1.69
  IN-H9                STORAGE      0.11     1.41  3210.83     4  00:35        1.39
  IN-H10               STORAGE      0.08     1.37  3211.06     4  00:35        1.36
  IN-F70B              STORAGE      0.13     1.01  3195.71     4  00:35        1.00
  IN-F72               STORAGE      0.02     0.22  3199.69     4  00:35        0.22
  JF32                 STORAGE      0.82     5.50  3184.69     4  01:10        5.50
  IN-F71               STORAGE      0.02     0.27  3197.67     4  00:35        0.27
  JF31                 STORAGE      0.97     5.93  3185.48     4  01:08        5.92
  JF33                 STORAGE      0.96     5.88  3183.63     4  01:13        5.88
  IN-F74               STORAGE      0.06     0.73  3185.89     4  00:35        0.72
  IN-F76               STORAGE      0.01     0.17  3184.53     4  00:35        0.17
  BEND_G               STORAGE      0.23     2.22  3206.98     4  00:38        2.21
  MF13                 STORAGE      1.43     7.88  3182.49     4  01:21        7.87
  IN-F80               STORAGE      2.66    12.80  3192.17     4  01:03       12.80
  IN-F82               STORAGE      0.02     0.12  3187.68     4  00:35        0.12
  JF34                 STORAGE      1.39     7.80  3181.82     4  01:22        7.78
  JF35                 STORAGE      0.07     2.45  3181.82     4  01:22        2.43
  IN-F81               STORAGE      0.01     0.16  3182.43     4  00:35        0.16
  JG3                  STORAGE      0.82     8.71  3210.01     4  00:55        8.71
  JG2                  STORAGE      1.18     6.70  3206.76     4  00:54        6.69
  JBG2                 STORAGE      0.88     6.10  3210.61     4  00:55        6.09
  BEND-BF22            STORAGE      1.44     8.05  3181.07     4  01:23        8.05
  IN-C5                STORAGE      0.04     0.42  3207.07     4  00:35        0.42
  IN-C6                STORAGE      0.04     0.38  3206.41     4  00:35        0.37
  BEND-BF23            STORAGE      1.58     8.25  3180.34     4  01:25        8.25
  MF14                 STORAGE      1.57     8.06  3179.72     4  01:26        8.06
  IN-E1                STORAGE      0.04     0.37  3203.48     4  00:35        0.37
  IN-E2                STORAGE      0.08     1.06  3202.47     4  00:35        1.04
  IN-E3                STORAGE      0.08     0.89  3202.19     4  00:36        0.87
  M-26                 STORAGE      1.75     8.10  3178.80     4  01:27        8.10
  IN-E9                STORAGE      0.11     1.45  3195.07     4  00:37        1.40
  IN-E8                STORAGE      0.01     0.14  3200.66     4  00:35        0.14
  JE1                  STORAGE      0.07     0.83  3197.58     4  00:36        0.81
  IN-C13               STORAGE      0.04     0.66  3202.48     4  01:06        0.65
  IN-C10               STORAGE      0.02     0.58  3203.69     4  00:57        0.58
  IN-C7                STORAGE      0.04     0.51  3205.44     4  00:35        0.51
  IN-E7                STORAGE      0.07     0.96  3199.05     4  00:36        0.93
  IN-E6                STORAGE      0.09     1.16  3200.41     4  00:36        1.12
  IN-E5                STORAGE      0.09     1.27  3201.14     4  00:36        1.23
  IN-E4                STORAGE      0.07     1.07  3201.55     4  00:36        1.02
  IN-C15               STORAGE      0.04     0.33  3201.57     4  01:04        0.33
  IN-C16               STORAGE      0.02     0.19  3201.64     4  00:35        0.19
  IN-F83               STORAGE      0.15     1.20  3197.35     4  00:36        1.20
  IN-C18               STORAGE      0.04     0.33  3200.53     4  00:35        0.33
  IN-C19B              STORAGE      0.20     1.32  3201.20     4  00:40        1.32
  IN-C19A              STORAGE      0.15     1.19  3201.00     4  00:40        1.19
  JC10                 STORAGE      0.29     1.86  3200.41     4  00:40        1.86
  IN-C20               STORAGE      0.13     1.50  3200.44     4  00:40        1.50
  IN-E15               STORAGE      0.02     0.29  3197.60     4  00:35        0.29
  IN-E14               STORAGE      0.04     0.52  3197.26     4  00:35        0.52
  IN-E13               STORAGE      0.06     0.93  3196.10     4  00:36        0.91
  MH-MF28              STORAGE      1.63     7.31  3177.41     4  01:29        7.31
  EXIST_BEND           STORAGE      1.74     7.79  3177.99     4  01:29        7.79
  IN-F84               STORAGE      0.12     0.95  3196.84     4  00:40        0.95
  IN-F85               STORAGE      0.12     1.03  3195.18     4  00:37        1.03
  IN-E12               STORAGE      0.09     1.21  3195.90     4  00:37        1.14
  IN-E11               STORAGE      0.10     1.33  3195.69     4  00:37        1.28
  IN-E10               STORAGE      0.11     1.37  3195.44     4  00:38        1.33
  MH_5043              STORAGE      1.02     4.16  3212.36     4  00:55        4.16
  MH_5447              STORAGE      2.22     6.79  3173.40     4  01:38        6.79
  MH_5452              STORAGE      2.98     6.11  3171.54     4  01:40        6.10
  MH-33                STORAGE      3.67     5.37  3169.85     4  01:40        5.37
  END-OF-PIPES         STORAGE      4.07     4.81  3168.81     4  01:40        4.81
  IN-F26               STORAGE      0.20     2.09  3216.86     4  00:39        2.08
  IN-F27               STORAGE      0.13     2.08  3217.36     4  00:38        2.06
  IN-F28               STORAGE      0.18     2.31  3217.77     4  00:38        2.29
  IN-F32               STORAGE      0.07     0.45  3221.28     4  00:38        0.45
  MF5                  STORAGE      0.17     1.97  3218.77     4  00:38        1.93
  IN-F33B              STORAGE      0.13     2.12  3219.25     4  00:38        2.06
  IN-F33A              STORAGE      0.03     0.29  3220.62     4  00:35        0.29
  JF14                 STORAGE      0.15     1.93  3220.09     4  00:37        1.85
  IN-F33C              STORAGE      0.14     2.10  3220.53     4  00:37        1.98
  IN-F31               STORAGE      0.06     0.65  3222.95     4  00:36        0.63
  JF15                 STORAGE      0.09     1.40  3221.00     4  00:37        1.29
  IN-F34               STORAGE      0.03     0.41  3221.26     4  00:35        0.41
  IN-F29B              STORAGE      0.08     1.05  3221.68     4  00:36        1.03
  IN-F29A              STORAGE      0.08     1.14  3222.43     4  00:35        1.12
  IN-F30               STORAGE      0.05     0.76  3222.99     4  00:35        0.76
  BEND_BF16            STORAGE      0.05     0.48  3217.72     4  00:36        0.47
  JB_0931              STORAGE      1.39     4.34  3211.44     4  00:54        4.34
  JB_0643              STORAGE      1.46     4.47  3211.87     4  00:54        4.47
  JB_1120              STORAGE      1.38     4.52  3212.04     4  00:54        4.52
  
  
  *******************
  Node Inflow Summary
  *******************
  
  -------------------------------------------------------------------------------------------------
                                  Maximum  Maximum                  Lateral       Total        Flow
                                  Lateral    Total  Time of Max      Inflow      Inflow     Balance
                                   Inflow   Inflow   Occurrence      Volume      Volume       Error
  Node                 Type           CFS      CFS  days hr:min    10^6 gal    10^6 gal     Percent
  -------------------------------------------------------------------------------------------------
  1                    OUTFALL       0.00   231.71     4  01:41           0          61       0.000
  ConcreteChannel      OUTFALL       0.00   225.01     4  01:13           0        49.7       0.000
  PlayaLake44          STORAGE     174.68   284.30     4  00:41        39.4        64.9       0.015
  PlayaLake44b         STORAGE     131.84   131.84     4  00:40        23.5        23.6      -0.004
  IN_4337              STORAGE      38.42    38.42     3  18:50        5.77        5.77       0.089
  IN_4749              STORAGE      21.75    55.44     4  00:41        4.98        9.97      -0.039
  IN_4748              STORAGE      21.75    76.29     4  00:41        4.98        14.4      -0.025
  IN-F79               STORAGE       6.57   117.80     4  00:53       0.505        22.5       0.004
  IN-F78               STORAGE       0.90    77.94     4  01:25      0.0743        22.6       0.067
  IN-F77               STORAGE       5.26     5.26     4  00:35        0.36        0.36       0.058
  IN-F48               STORAGE      36.80    36.80     4  00:35        2.04        2.04       0.037
  IN-F41               STORAGE       4.25    11.18     4  00:39       0.303       0.874       0.044
  IN-F43               STORAGE       4.75    14.97     4  00:38       0.271        1.07       0.065
  IN_1120              STORAGE       7.89    15.48     4  00:53         1.1        1.28      -0.449
  IN_1118              STORAGE       9.84     9.84     4  00:40       0.991       0.991       0.259
  IN_1119              STORAGE      12.50    21.08     4  00:41        1.48        2.47       0.413
  IN-C9                STORAGE      10.17    10.17     4  00:40        1.31        1.31       0.005
  IN-F46               STORAGE      34.92    34.92     4  00:35        1.61        1.61       0.003
  IN-G2                STORAGE       4.32     4.32     4  00:35        0.43        0.43       0.000
  IN-G3                STORAGE       4.48     8.71     4  00:35       0.216       0.645       0.000
  IN-G4                STORAGE       3.58    12.09     4  00:35       0.265        0.91       0.012
  JC3                  STORAGE       0.00    16.65     4  00:52           0        2.69      -0.004
  JBG1                 STORAGE       0.00   101.60     4  00:55           0        20.2      -0.001
  IN_1121              STORAGE       7.94   100.98     4  00:51       0.374        19.7       0.115
  IN-G12               STORAGE       1.34    86.54     4  00:54       0.109        6.51      -0.037
  IN-C3                STORAGE       0.15     0.15     4  00:35     0.00537     0.00538      -0.104
  IN-C1                STORAGE       1.66     1.66     4  00:35       0.119       0.119      -0.007
  IN-C2                STORAGE       3.49     3.49     4  00:40       0.605       0.605       0.002
  MC1                  STORAGE       0.00     5.10     4  00:40           0        0.73      -0.001
  IN-C4                STORAGE       1.53     6.54     4  00:40       0.172       0.902       0.002
  JC1                  STORAGE       0.00     9.15     4  00:40           0        1.08      -0.067
  JC2                  STORAGE       0.00    13.00     4  00:38           0        1.32       0.071
  IN-C8                STORAGE       1.02     8.49     4  01:01      0.0692        1.39      -0.008
  JC4                  STORAGE       0.00    16.79     4  00:52           0        2.71       0.003
  IN-C11               STORAGE       2.76    18.33     4  00:50       0.184         2.9      -0.001
  JC5                  STORAGE       0.00    19.44     4  00:49           0        3.04      -0.002
  JC6                  STORAGE       0.00    20.08     4  00:49           0        3.12       0.007
  IN-C14               STORAGE       1.03    18.24     4  01:08      0.0617        3.18      -0.001
  JC7                  STORAGE       0.00    18.92     4  01:06           0        3.31      -0.001
  JC8                  STORAGE       0.00    19.23     4  01:05           0        3.36       0.001
  IN-C17               STORAGE       0.76    19.51     4  01:05      0.0599        3.42      -0.001
  JC9                  STORAGE       0.00    20.60     4  01:02           0         3.6      -0.001
  MH_30                STORAGE       0.00   239.41     4  01:17           0        59.1       0.012
  IN-G1                STORAGE       1.53     1.53     4  00:35      0.0899      0.0899      -0.027
  MG1                  STORAGE       0.00     1.37     4  00:39           0      0.0899       0.013
  JG1                  STORAGE       0.00    12.87     4  00:37           0           1      -0.012
  IN-G5                STORAGE       1.07    13.80     4  00:38      0.0643        1.06       0.003
  IN-G6                STORAGE       2.78    15.76     4  00:36      0.0962        1.16      -0.000
  IN-G7                STORAGE       1.56    16.83     4  00:37       0.053        1.21      -0.002
  IN-G8                STORAGE       1.03    17.44     4  00:37      0.0395        1.25      -0.005
  IN-G9                STORAGE       0.78    17.95     4  00:38      0.0446         1.3       0.001
  IN-G10               STORAGE       2.29   114.00     4  00:53        0.14          22       0.000
  IN-G11               STORAGE       5.59     5.59     4  00:35       0.348       0.348       0.007
  IN-C12               STORAGE       1.62     1.62     4  00:40        0.14        0.14       0.002
  201                  STORAGE       0.00     3.60     3  18:26           0        1.69      -0.043
  203                  STORAGE       0.00     2.75     3  18:12           0        1.36       0.005
  205                  STORAGE       0.00     2.42     3  18:07           0        0.78       0.015
  IN-G14               STORAGE       1.12     5.06     4  00:42      0.0495       0.337      -0.179
  IN-G15               STORAGE       0.71     4.46     4  00:42      0.0251       0.288       0.271
  IN-G16               STORAGE       1.21     4.46     4  00:35      0.0444       0.257       0.123
  IN-G17               STORAGE       1.40     3.88     4  00:41      0.0727       0.205      -0.054
  IN-G18               STORAGE       1.69     3.61     4  00:41      0.0708       0.126       0.261
  IN-G19               STORAGE       0.95     2.00     4  00:55      0.0384      0.0449      -1.461
  IN-G13               STORAGE       1.89     1.89     4  00:35       0.153       0.153       0.070
  IN-F75               STORAGE       4.62     4.62     4  00:35       0.341       0.341       0.006
  JONES-STORE          STORAGE       6.44     6.44     3  18:45       0.814       0.814       0.004
  MF12                 STORAGE       0.00   156.48     4  01:06           0        29.6      -0.059
  MH_5339              STORAGE       0.00    28.91     4  00:36           0        13.3       0.000
  MF1                  STORAGE       0.00    12.97     4  00:36           0        13.1       0.001
  MF1B                 STORAGE       0.00    14.94     4  00:36           0        13.2       0.006
  IN-F2                STORAGE       3.01     3.50     4  00:35      0.0953       0.112      -0.003
  IN-F2B               STORAGE       0.50     0.50     4  00:35      0.0168      0.0168      -0.003
  IN-F3                STORAGE       0.59     0.59     4  00:35      0.0148      0.0148       0.000
  IN-F3B               STORAGE       2.08     2.08     4  00:35      0.0588      0.0588      -0.003
  IN-F4                STORAGE       1.93     1.93     4  00:35      0.0581      0.0581      -0.009
  JF2                  STORAGE       0.00    18.80     4  00:37           0        13.4       0.001
  IN-F5                STORAGE       3.66     3.66     4  00:35       0.187       0.187      -0.011
  IN-F6                STORAGE       0.31     0.31     4  00:35     0.00722     0.00722      -0.007
  BEND_BF2             STORAGE       0.00     0.31     4  00:35           0     0.00722      -0.033
  JF4                  STORAGE       0.00    18.05     4  00:40           0        13.5       0.000
  BEND_BF3             STORAGE       0.00    18.00     4  00:40           0        13.5       0.001
  BEND_BF1             STORAGE       0.00    18.03     4  00:39           0        13.4       0.002
  IN-F8                STORAGE       4.83     4.83     4  00:35       0.149       0.149       0.294
  MF2                  STORAGE       0.00    21.52     4  00:39           0        13.6      -0.001
  IN-F9                STORAGE       0.54     0.54     4  00:35      0.0108      0.0108      -0.035
  JF5                  STORAGE       0.00    21.31     4  00:40           0        13.6       0.002
  IN-F10               STORAGE       0.75     0.75     4  00:35      0.0301      0.0301      -0.024
  JF6                  STORAGE       0.00    21.46     4  00:41           0        13.6       0.001
  JF7                  STORAGE       0.00    22.48     4  00:41           0        13.7       0.000
  IN-F11               STORAGE       1.07     1.62     4  00:35      0.0382        0.06       0.007
  BEND_BF5             STORAGE       0.00     0.54     4  00:35           0      0.0218      -0.025
  IN-F12               STORAGE       0.55     0.55     4  00:35      0.0218      0.0218      -0.004
  IN-F13               STORAGE       0.75     0.75     4  00:35      0.0204      0.0203      -0.119
  BEND_BF8             STORAGE       0.00     0.75     4  00:35           0      0.0204       0.120
  BEND_BF6             STORAGE       0.00    22.37     4  00:41           0        13.7       0.001
  BEND_BF7             STORAGE       0.00    22.27     4  00:42           0        13.7       0.000
  JF8                  STORAGE       0.00    22.60     4  00:42           0        13.7       0.001
  IN-F10A              STORAGE       0.45     0.45     4  00:35      0.0168      0.0168      -0.033
  IN-F10B              STORAGE       0.67     0.67     4  00:35      0.0255      0.0255      -0.003
  MF2B                 STORAGE       0.00    23.18     4  00:42           0        13.8       0.002
  IN-F12B              STORAGE       0.79     0.79     4  00:35       0.028       0.028      -0.005
  IN-F15               STORAGE       2.22     2.22     4  00:35      0.0624      0.0624      -0.026
  IN-F14               STORAGE       1.03     3.23     4  00:35      0.0546       0.117       0.016
  JF9                  STORAGE       0.00    25.75     4  00:41           0          14       0.002
  IN-F10C              STORAGE       0.60     1.30     4  00:35      0.0227      0.0468      -0.011
  JBF3                 STORAGE       0.00     0.71     4  00:35           0      0.0241       0.006
  IN-F16               STORAGE       0.71     0.71     4  00:35      0.0241      0.0241      -0.006
  JF10                 STORAGE       0.00    26.05     4  00:41           0          14       0.001
  IN-F10D              STORAGE       0.63     1.42     4  00:35      0.0236      0.0471      -0.014
  JBF7                 STORAGE       0.00     0.81     4  00:35           0      0.0235       0.007
  IN-F16B              STORAGE       0.82     0.82     4  00:35      0.0235      0.0235      -0.003
  JF10B                STORAGE       0.00    26.09     4  00:42           0          14      -0.002
  IN-F10E              STORAGE       0.47     1.02     4  00:35      0.0175      0.0356      -0.002
  JBF4                 STORAGE       0.00     0.56     4  00:35           0      0.0181       0.005
  IN-F16C              STORAGE       0.57     0.57     4  00:35      0.0181      0.0181      -0.004
  IN-F18B              STORAGE       2.99     2.99     4  00:35      0.0736      0.0736       0.001
  IN-F18               STORAGE       3.67     6.64     4  00:35       0.109       0.183      -0.003
  MF3                  STORAGE       0.00    30.77     4  00:39           0        14.3       0.004
  IN-F10F              STORAGE       0.96     1.20     4  00:35      0.0373      0.0467      -0.004
  IN-F17               STORAGE       0.26     0.26     4  00:35     0.00915      0.0094       0.011
  JF11                 STORAGE       0.00    30.49     4  00:39           0        14.3       0.001
  IN-F19               STORAGE       0.83     0.83     4  00:35      0.0324      0.0324       0.046
  JF12                 STORAGE       0.00    29.54     4  00:40           0        14.3       0.000
  IN-F21               STORAGE       0.89     0.89     4  00:35      0.0312      0.0312       0.172
  IN-F23               STORAGE       0.48     2.93     4  00:35      0.0112       0.135      -0.001
  IN-F20               STORAGE       2.47     2.47     4  00:35       0.124       0.124       0.004
  IN-F23B              STORAGE       1.09     3.93     4  00:35      0.0402       0.175      -0.002
  IN-F24               STORAGE       0.67     4.50     4  00:36      0.0353        0.21       0.000
  JBF10                STORAGE       0.00     4.44     4  00:37           0        0.21      -0.001
  MF4                  STORAGE       0.00    62.83     4  00:41           0        16.5      -0.000
  JF13                 STORAGE       0.00    30.07     4  00:51           0        14.3       0.007
  IN-F22               STORAGE       0.32     0.32     4  00:35      0.0182      0.0182      -0.004
  IN-F35               STORAGE       0.31     0.31     4  00:35      0.0088      0.0088       0.006
  JF16                 STORAGE       0.00    61.73     4  00:42           0        16.5       0.004
  IN-F37               STORAGE       0.72     0.72     4  00:35      0.0443      0.0443      -0.016
  JF17                 STORAGE       0.00    59.72     4  00:43           0        16.5       0.005
  IN-F45C              STORAGE       2.79     2.79     4  00:35       0.197       0.197      -0.000
  IN-F45B              STORAGE       2.79     5.53     4  00:35       0.197       0.394      -0.000
  IN-F45A              STORAGE       2.79     8.28     4  00:35       0.197       0.591       0.002
  IN-F44B              STORAGE       1.86    10.05     4  00:36       0.137       0.729      -0.001
  IN-F44A              STORAGE       0.92    10.93     4  00:37      0.0687       0.797      -0.005
  BEND_BF15            STORAGE       0.00    10.96     4  00:37           0       0.797       0.003
  BEND_BF14            STORAGE       0.00    10.90     4  00:38           0       0.797       0.001
  MF6C                 STORAGE       0.00    10.88     4  00:38           0       0.797       0.001
  JBF15                STORAGE       0.00    10.88     4  00:39           0       0.797       0.001
  IN-F42               STORAGE       0.45    15.05     4  00:39      0.0362         1.1      -0.036
  MF6                  STORAGE       0.00    80.73     4  00:47           0        18.5       0.004
  JBF14                STORAGE       0.00     7.35     4  00:39           0       0.571       0.000
  MF6B                 STORAGE       0.00     7.36     4  00:38           0       0.571       0.001
  IN-F40               STORAGE       1.97     7.38     4  00:38      0.0707       0.571       0.028
  BEND_BF11            STORAGE       0.00     6.10     4  00:39           0         0.5      -0.069
  BEND_BF10            STORAGE       0.00     6.17     4  00:37           0         0.5       0.026
  IN-F39               STORAGE       4.55     6.29     4  00:35       0.333         0.5      -0.028
  IN-F38               STORAGE       1.88     1.88     4  00:35       0.167       0.167      -0.001
  JF18                 STORAGE       0.00   104.09     4  00:44           0        20.2      -0.006
  JF20                 STORAGE       0.00   130.93     4  00:44           0        22.2       0.010
  JF19                 STORAGE       0.00    33.54     4  00:34           0         1.7       0.207
  IN-F47               STORAGE       2.45     2.45     4  00:35      0.0854      0.0854      -0.006
  IN-F50               STORAGE       3.42     3.42     4  00:35       0.297       0.297      -0.008
  IN-F49               STORAGE       0.61     4.00     4  00:35      0.0553       0.352       0.007
  JF20B                STORAGE       0.00   132.57     4  00:44           0        22.6      -0.004
  JF21                 STORAGE       0.00   148.64     4  00:44           0          24      -0.000
  IN-F51               STORAGE      27.11    27.11     4  00:35        1.38        1.38       0.049
  IN-F52               STORAGE       3.09     3.09     4  00:35      0.0856      0.0856      -0.004
  MF7                  STORAGE       0.00   148.90     4  00:44           0        24.1       0.004
  IN-F52B              STORAGE       2.95     2.95     4  00:35      0.0746      0.0746       0.115
  JF22                 STORAGE       0.00   147.72     4  00:45           0        24.1       0.005
  JF23                 STORAGE       0.00   143.78     4  00:47           0        24.1       0.006
  IN-F53               STORAGE       0.69     0.69     4  00:35      0.0167      0.0167       0.028
  MF8                  STORAGE       0.00   140.95     4  00:48           0        24.2       0.003
  IN-F54               STORAGE       2.02     2.02     4  00:35      0.0466      0.0466      -0.004
  IN-F25               STORAGE       6.83    34.97     4  00:38       0.322        1.92       0.010
  IN-F63A              STORAGE       6.27     6.27     4  00:35        0.22        0.22       0.122
  JF23B                STORAGE       0.00   141.12     4  00:50           0        24.4       0.020
  IN-F63B              STORAGE       6.43     6.43     4  00:35       0.215       0.215      -0.002
  MF9                  STORAGE       0.00   147.53     4  00:52           0        25.4      -0.001
  IN-F55               STORAGE      14.06    14.06     4  00:35       0.796       0.796      -0.000
  IN-F63               STORAGE       2.52     2.52     4  00:35      0.0702      0.0702      -0.002
  IN-F65               STORAGE       1.88     1.88     4  00:35      0.0908      0.0908       0.000
  IN-F64               STORAGE       4.51     6.37     4  00:35        0.21       0.301      -0.002
  IN-F66               STORAGE       1.78     1.78     4  00:35      0.0465      0.0464      -0.002
  MF10                 STORAGE       0.00   154.47     4  00:56           0        26.9       0.003
  IN-F67               STORAGE       0.42     0.42     4  00:35      0.0119      0.0119       0.032
  JF28                 STORAGE       0.00   153.37     4  00:57           0        26.9       0.002
  IN-F68               STORAGE       4.87     4.87     4  00:35       0.182       0.182       0.022
  JF26                 STORAGE       0.00   153.61     4  00:55           0        26.6       0.008
  IN-F57B              STORAGE       0.58     0.58     4  00:35      0.0198      0.0198      -0.000
  IN-F60               STORAGE       3.89     8.35     4  00:37       0.244       0.463       0.065
  JF24                 STORAGE       0.00   146.34     4  00:54           0        25.5       0.002
  BEND_BF17            STORAGE       0.00     2.86     4  00:36           0       0.125       0.068
  JF25                 STORAGE       0.00   149.44     4  00:54           0        25.9      -0.000
  IN-F58               STORAGE       1.84     2.90     4  00:35      0.0851       0.125      -0.014
  IN-F57A              STORAGE       0.58     1.12     4  00:35      0.0198      0.0396       0.038
  IN-F56               STORAGE       0.79     0.79     4  00:40      0.0743      0.0743      -0.119
  BEND_BF19            STORAGE       0.00     6.45     4  00:35           0       0.502      -0.005
  IN-F62               STORAGE       4.09     6.48     4  00:35       0.432       0.502      -0.001
  IN-F59               STORAGE       1.95     4.57     4  00:37      0.0941       0.219       0.000
  IN-F61               STORAGE       1.80     8.15     4  00:36        0.14       0.641      -0.201
  BEND_BF18            STORAGE       0.00     6.39     4  00:36           0       0.502       0.006
  BEND_BF21            STORAGE       0.00     6.31     4  00:35           0       0.301      -0.004
  BEND_BF20            STORAGE       0.00     6.31     4  00:35           0       0.301       0.004
  JF27                 STORAGE       0.00     7.95     4  00:35           0       0.347       0.001
  JF29                 STORAGE       0.00   154.75     4  00:57           0        27.1       0.004
  IN-H1                STORAGE       1.11     1.11     4  00:35      0.0441      0.0441      -0.011
  IN-H2                STORAGE       2.50     3.51     4  00:35       0.108       0.152      -0.003
  JF30                 STORAGE       0.00   160.49     4  01:00           0        28.9       0.004
  IN-F70               STORAGE       1.81     6.00     4  00:35       0.145       0.458      -0.057
  IN-F69               STORAGE      15.05    15.05     4  00:35       0.429       0.429      -0.000
  MF11                 STORAGE       0.00   160.13     4  00:58           0        28.4       0.010
  IN-H3                STORAGE       0.94    18.88     4  00:36       0.045       0.865      -0.001
  IN-H4                STORAGE       1.62     1.62     4  00:35      0.0635      0.0635      -0.005
  JH1                  STORAGE       0.00    13.33     4  00:36           0       0.605      -0.001
  IN-H5                STORAGE       2.58     2.58     4  00:35       0.114       0.114      -0.002
  IN-H6                STORAGE       1.33    11.13     4  00:36      0.0578       0.491       0.059
  IN-H7                STORAGE       4.27    10.25     4  00:35       0.187       0.433      -0.063
  IN-H8                STORAGE       0.96     6.37     4  00:35      0.0347       0.246      -0.093
  IN-H9                STORAGE       1.19     5.60     4  00:35      0.0441       0.211       0.213
  IN-H10               STORAGE       4.51     4.51     4  00:35       0.167       0.167      -0.028
  IN-F70B              STORAGE       4.20     4.20     4  00:35       0.313       0.313       0.002
  IN-F72               STORAGE       1.96     1.96     4  00:35       0.071       0.071       0.046
  JF32                 STORAGE       0.00   158.44     4  01:03           0          29       0.003
  IN-F71               STORAGE       2.96     2.96     4  00:35       0.082       0.082       0.022
  JF31                 STORAGE       0.00   159.10     4  01:02           0          29       0.003
  JF33                 STORAGE       0.00   159.96     4  01:04           0        29.6       0.080
  IN-F74               STORAGE       3.02     7.62     4  00:35       0.244       0.585       0.000
  IN-F76               STORAGE       0.41     0.41     4  00:35      0.0118      0.0118       0.043
  BEND_G               STORAGE       0.00    17.35     4  00:38           0        1.25       0.004
  MF13                 STORAGE       0.00   229.89     4  01:09           0        52.6      -0.025
  IN-F80               STORAGE       0.46   114.17     4  00:53      0.0159          22       0.001
  IN-F82               STORAGE       0.69     0.69     4  00:35      0.0469      0.0469      -0.008
  JF34                 STORAGE       0.00   227.20     4  01:11           0        52.6       0.003
  JF35                 STORAGE       0.00     1.12     4  00:35           0      0.0637       0.038
  IN-F81               STORAGE       0.44     0.44     4  00:35      0.0168      0.0168      -0.080
  JG3                  STORAGE       0.00     6.42     4  00:42           0       0.487       0.134
  JG2                  STORAGE       0.00   103.23     4  00:53           0        20.6      -0.000
  JBG2                 STORAGE       0.00    52.91     4  00:35           0        17.3      -0.002
  BEND-BF22            STORAGE       0.00   224.95     4  01:12           0        52.6       0.002
  IN-C5                STORAGE       1.45     1.45     4  00:35       0.086       0.086       0.001
  IN-C6                STORAGE       1.40     2.84     4  00:35      0.0932       0.179       0.006
  BEND-BF23            STORAGE       0.00   221.37     4  01:12           0        52.6       0.003
  MF14                 STORAGE       0.00   219.02     4  01:14           0        52.6       0.002
  IN-E1                STORAGE       1.32     1.32     4  00:35      0.0581      0.0581       0.025
  IN-E2                STORAGE       2.21     3.48     4  00:35      0.0851       0.143      -0.014
  IN-E3                STORAGE       0.48     3.82     4  00:35      0.0172        0.16      -0.006
  M-26                 STORAGE       0.00   217.45     4  01:14           0        53.4       0.009
  IN-E9                STORAGE       0.39    15.87     4  00:37      0.0142       0.736      -0.011
  IN-E8                STORAGE       0.58     0.58     4  00:35      0.0213      0.0213       0.041
  JE1                  STORAGE       0.00     8.98     4  00:36           0       0.403       0.038
  IN-C13               STORAGE       1.12     1.12     4  00:35      0.0773      0.0773       0.023
  IN-C10               STORAGE       0.25     0.25     4  00:40      0.0217      0.0217      -0.020
  IN-C7                STORAGE       4.41     4.41     4  00:35       0.236       0.236       0.014
  IN-E7                STORAGE       0.93     8.49     4  00:36      0.0361       0.382      -0.000
  IN-E6                STORAGE       0.92     7.68     4  00:36      0.0345       0.346       0.001
  IN-E5                STORAGE       2.18     6.89     4  00:36       0.101       0.311      -0.002
  IN-E4                STORAGE       1.24     4.93     4  00:35        0.05        0.21       0.008
  IN-C15               STORAGE       2.17     2.17     4  00:35       0.129       0.129       0.004
  IN-C16               STORAGE       0.90     0.90     4  00:35       0.056       0.056      -0.004
  IN-F83               STORAGE       4.75     4.75     4  00:35       0.377       0.377      -0.003
  IN-C18               STORAGE       2.83     2.83     4  00:35        0.18        0.18       0.005
  IN-C19B              STORAGE       4.15     4.15     4  00:40       0.522       0.522      -0.000
  IN-C19A              STORAGE       4.15     8.28     4  00:40       0.522        1.04       0.000
  JC10                 STORAGE       0.00    10.33     4  00:40           0        1.21       0.001
  IN-C20               STORAGE       2.34     2.34     4  00:35       0.162       0.162      -0.013
  IN-E15               STORAGE       0.72     0.72     4  00:35      0.0258      0.0257      -0.003
  IN-E14               STORAGE       0.83     1.56     4  00:34      0.0294      0.0552      -0.002
  IN-E13               STORAGE       2.05     3.53     4  00:35      0.0861       0.141      -0.095
  MH-MF28              STORAGE       0.00   215.88     4  01:24           0        54.3       0.001
  EXIST_BEND           STORAGE       0.00   212.95     4  01:23           0        53.4       0.002
  IN-F84               STORAGE       1.48     6.17     4  00:40       0.135       0.512       0.002
  IN-F85               STORAGE       5.53    11.63     4  00:36       0.408        0.92      -0.000
  IN-E12               STORAGE       1.74     5.00     4  00:35      0.0672       0.209       0.041
  IN-E11               STORAGE       1.37     5.88     4  00:36      0.0538       0.262      -0.013
  IN-E10               STORAGE       1.37     6.85     4  00:37       0.057       0.319       0.047
  MH_5043              STORAGE       0.00    10.85     4  00:32           0        2.28       0.016
  MH_5447              STORAGE       0.00   235.66     4  01:29           0        59.1       0.009
  MH_5452              STORAGE       0.00   231.93     4  01:38           0        59.2       0.005
  MH-33                STORAGE       0.00   231.72     4  01:40           0        59.3       0.234
  END-OF-PIPES         STORAGE       0.00   231.71     4  01:40           0        59.9      -0.914
  IN-F26               STORAGE      10.64    29.18     4  00:38       0.644         1.6      -0.012
  IN-F27               STORAGE       1.33    19.13     4  00:38       0.107       0.957      -0.001
  IN-F28               STORAGE       1.32    17.95     4  00:38      0.0269        0.85      -0.012
  IN-F32               STORAGE       0.89     0.89     4  00:35      0.0547      0.0547      -0.013
  MF5                  STORAGE       0.00    17.11     4  00:37           0       0.823       0.059
  IN-F33B              STORAGE       1.08    16.38     4  00:37      0.0582       0.768      -0.049
  IN-F33A              STORAGE       1.24     1.24     4  00:35      0.0457      0.0457      -0.011
  JF14                 STORAGE       0.00    13.18     4  00:36           0       0.609       0.127
  IN-F33C              STORAGE       4.75    12.27     4  00:36       0.189       0.563      -0.030
  IN-F31               STORAGE       2.51     2.51     4  00:35       0.102       0.102      -0.010
  JF15                 STORAGE       0.00     8.60     4  00:35           0       0.374       0.067
  IN-F34               STORAGE       2.30     2.30     4  00:35      0.0968      0.0968       0.008
  IN-F29B              STORAGE       1.55     6.46     4  00:35      0.0756       0.277      -0.037
  IN-F29A              STORAGE       1.55     5.02     4  00:35      0.0756       0.201       0.013
  IN-F30               STORAGE       3.57     3.57     4  00:35       0.126       0.126      -0.022
  BEND_BF16            STORAGE       0.00     2.88     4  00:35           0       0.125      -0.066
  JB_0931              STORAGE       0.00    29.04     4  00:36           0        13.3       0.000
  JB_0643              STORAGE       0.00    14.83     4  08:15           0        4.98       0.003
  JB_1120              STORAGE       0.00    13.64     4  08:10           0        3.33       0.002
  
  
  **********************
  Node Surcharge Summary
  **********************
  
  Surcharging occurs when water rises above the top of the highest conduit.
  ---------------------------------------------------------------------
                                               Max. Height   Min. Depth
                                   Hours       Above Crown    Below Rim
  Node                 Type      Surcharged           Feet         Feet
  ---------------------------------------------------------------------
  PlayaLake44b         STORAGE        36.46          2.394        2.606
  IN-F79               STORAGE         6.20          1.200       20.960
  IN-F78               STORAGE        13.61          5.787        8.343
  IN-F48               STORAGE         0.22          1.137        2.863
  IN-F43               STORAGE         0.11          0.202        4.798
  IN-F46               STORAGE         0.39          8.690        1.310
  201                  STORAGE        40.62          3.437        5.730
  203                  STORAGE        38.73          3.997        5.170
  205                  STORAGE        38.31          4.058        5.109
  IN-G13               STORAGE         0.75          3.126        6.874
  JONES-STORE          STORAGE       192.00         13.300        2.700
  MH_5339              STORAGE         1.85          1.169       10.831
  IN-F42               STORAGE         0.24          0.628        4.372
  MF6                  STORAGE         0.06          0.070        6.120
  JF18                 STORAGE         0.21          0.477        7.573
  JF20                 STORAGE         0.14          0.244        8.516
  JF19                 STORAGE         0.39          5.245        6.665
  IN-F49               STORAGE         0.48          1.404        8.896
  JF20B                STORAGE         0.01          0.001       10.429
  IN-F55               STORAGE         0.17          0.577        1.423
  IN-F69               STORAGE         0.13          0.777        0.223
  IN-F80               STORAGE        11.42          8.804       12.886
  JF35                 STORAGE         0.45          0.451        9.679
  JG3                  STORAGE         4.36          5.708        3.292
  JG2                  STORAGE         2.27          2.695        3.245
  JBG2                 STORAGE         4.13          3.096        5.904
  BEND-BF22            STORAGE         0.16          0.052       24.928
  BEND-BF23            STORAGE         0.35          0.247       21.163
  MF14                 STORAGE         0.20          0.065       28.025
  MH_5043              STORAGE        11.12          1.657       10.843
  END-OF-PIPES         STORAGE       176.12          0.812        1.188
  JB_0931              STORAGE        10.91          1.336       10.664
  JB_0643              STORAGE        11.41          1.469        5.531
  JB_1120              STORAGE        11.28          1.515        5.485
  
  
  *********************
  Node Flooding Summary
  *********************
  
  No nodes were flooded.
  
  
  **********************
  Storage Volume Summary
  **********************
  
  --------------------------------------------------------------------------------------------------
                         Average     Avg  Evap Exfil       Maximum     Max    Time of Max    Maximum
                          Volume    Pcnt  Pcnt  Pcnt        Volume    Pcnt     Occurrence    Outflow
  Storage Unit          1000 ft3    Full  Loss  Loss      1000 ft3    Full    days hr:min        CFS
  --------------------------------------------------------------------------------------------------
  PlayaLake44            659.215      40     0     0      1042.890      64       4  01:13     235.48
  PlayaLake44b            43.702      13     0     0        91.206      28       4  01:10     111.01
  IN_4337                  0.548       2     0     0         3.418      14       3  18:50      38.39
  IN_4749                  0.776       3     0     0         3.709      13       4  00:41      55.26
  IN_4748                  2.254       7     0     0         6.546      19       4  00:42      76.16
  IN-F79                  11.100       0     0     0       118.796       4       4  01:35      77.66
  IN-F78                   0.018       0     0     0         0.079       0       4  01:51      77.93
  IN-F77                   0.000       0     0     0         0.001       0       4  00:35       5.24
  IN-F48                   0.003       0     0     0         0.930       0       4  00:41      33.65
  IN-F41                   0.000       0     0     0         0.015       0       4  00:46      10.81
  IN-F43                   0.000       0     0     0         0.019       0       4  00:46      14.60
  IN_1120                  0.331       1     0     0         4.161      13       4  00:55      15.37
  IN_1118                  0.057       0     0     0         1.659       5       4  00:54       8.86
  IN_1119                  0.028       0     0     0         1.200       4       4  00:54      17.89
  IN-C9                    0.000       0     0     0         0.004       0       4  00:50      10.15
  IN-F46                   0.003       0     0     0         1.005       3       4  00:39      31.23
  IN-G2                    0.000       0     0     0         0.002       0       4  00:37       4.32
  IN-G3                    0.000       0     0     0         0.011       0       4  00:37       8.53
  IN-G4                    0.000       0     0     0         0.010       0       4  00:37      11.97
  JC3                      0.001       0     0     0         0.013       0       4  00:56      16.63
  JBG1                     0.006       0     0     0         0.085       0       4  00:55     101.46
  IN_1121                  0.014       0     0     0         0.336       1       4  00:53     100.49
  IN-G12                   0.136       1     0     0         3.387      13       4  00:55      86.51
  IN-C3                    0.000       0     0     0         0.001       0       4  00:40       0.11
  IN-C1                    0.000       0     0     0         0.003       0       4  00:40       1.61
  IN-C2                    0.000       0     0     0         0.001       0       3  18:50       3.49
  MC1                      0.001       0     0     0         0.003       0       4  00:40       5.04
  IN-C4                    0.000       0     0     0         0.002       0       4  00:41       6.53
  JC1                      0.000       0     0     0         0.004       0       4  00:54       8.96
  JC2                      0.001       0     0     0         0.008       0       4  00:57       8.14
  IN-C8                    0.001       0     0     0         0.011       0       4  00:57       8.54
  JC4                      0.001       0     0     0         0.011       0       4  00:57      16.73
  IN-C11                   0.001       0     0     0         0.012       0       4  00:59      18.24
  JC5                      0.001       0     0     0         0.012       0       4  01:03      19.39
  JC6                      0.001       0     0     0         0.010       0       4  01:06      17.98
  IN-C14                   0.001       0     0     0         0.014       0       4  01:06      18.26
  JC7                      0.001       0     0     0         0.013       0       4  01:05      18.92
  JC8                      0.001       0     0     0         0.010       0       4  01:04      19.24
  IN-C17                   0.001       0     0     0         0.010       0       4  01:03      19.52
  JC9                      0.001       0     0     0         0.008       0       4  01:02      20.60
  MH_30                    0.002       0     0     0         0.017       0       4  01:31     235.66
  IN-G1                    0.000       0     0     0         0.005       0       4  00:38       1.37
  MG1                      0.000       0     0     0         0.007       0       4  00:38       1.58
  JG1                      0.000       0     0     0         0.010       0       4  00:38      12.85
  IN-G5                    0.000       0     0     0         0.010       0       4  00:38      13.84
  IN-G6                    0.001       0     0     0         0.009       0       4  00:37      15.67
  IN-G7                    0.001       1     0     0         0.010      19       4  00:38      16.66
  IN-G8                    0.000       1     0     0         0.009      16       4  00:38      17.35
  IN-G9                    0.000       0     0     0         0.006       0       4  00:39      17.92
  IN-G10                   0.001       0     0     0         0.008       0       4  00:53     113.98
  IN-G11                   0.004       1     0     0         0.144      23       4  00:54       5.58
  IN-C12                   0.000       0     0     0         0.002       6       4  01:02       1.62
  201                      2.483       8     0     0         6.797      21       4  01:07       1.57
  203                      0.019       0     0     0         0.040       0       4  00:51       1.73
  205                      0.087       0     0     0         0.916       4       3  19:09       1.64
  IN-G14                   0.003       0     0     0         0.067       1       4  00:56       4.22
  IN-G15                   0.001       0     0     0         0.055       0       4  00:54       3.84
  IN-G16                   0.001       0     0     0         0.051       0       4  00:54       3.64
  IN-G17                   0.001       0     0     0         0.050       0       4  00:59       3.30
  IN-G18                   0.001       0     0     0         0.077       0       4  01:00       2.81
  IN-G19                   0.002       0     0     0         0.440       1       4  01:02       2.47
  IN-G13                   0.001       0     0     0         0.043       0       4  00:56       1.88
  IN-F75                   0.006       1     0     0         0.048       9       4  00:35       4.61
  JONES-STORE             83.593      10     0     0       108.784      13       8  00:00       0.00
  MF12                     0.062       6     0     0         0.438      39       4  01:19     152.22
  MH_5339                  0.066       7     0     0         0.267      28       4  00:55      28.47
  MF1                      0.069       3     0     0         0.120       6       4  00:41      12.50
  MF1B                     0.073       5     0     0         0.148      10       4  00:41      13.90
  IN-F2                    0.004       1     0     0         0.054      19       4  00:35       3.37
  IN-F2B                   0.001       0     0     0         0.010       5       4  00:35       0.50
  IN-F3                    0.001       0     0     0         0.014       6       4  00:35       0.58
  IN-F3B                   0.003       2     0     0         0.042      22       4  00:35       2.03
  IN-F4                    0.001       1     0     0         0.015       7       4  00:35       1.92
  JF2                      0.085      10     0     0         0.176      21       4  00:41      18.03
  IN-F5                    0.002       0     0     0         0.020       4       3  18:25       3.67
  IN-F6                    0.000       0     0     0         0.008       1       4  00:35       0.31
  BEND_BF2                 0.000       0     0     0         0.007       2       4  00:35       0.30
  JF4                      0.086      13     0     0         0.178      28       4  00:42      18.00
  BEND_BF3                 0.075      12     0     0         0.168      28       4  00:42      17.93
  BEND_BF1                 0.092      15     0     0         0.185      29       4  00:42      17.87
  IN-F8                    0.004       2     0     0         0.075      39       4  00:40       4.69
  MF2                      0.088      16     0     0         0.199      36       4  00:42      21.16
  IN-F9                    0.004       0     0     0         0.093      10       4  00:43       0.34
  JF5                      0.094      18     0     0         0.206      40       4  00:43      21.11
  IN-F10                   0.001       0     0     0         0.019       7       4  00:43       0.74
  JF6                      0.095      19     0     0         0.207      40       4  00:43      21.37
  JF7                      0.089      17     0     0         0.199      39       4  00:43      22.37
  IN-F11                   0.002       1     0     0         0.045      17       4  00:43       1.49
  BEND_BF5                 0.001       0     0     0         0.013       5       4  00:34       0.57
  IN-F12                   0.001       1     0     0         0.016       7       4  00:35       0.54
  IN-F13                   0.001       0     0     0         0.013       1       4  00:30       0.75
  BEND_BF8                 0.001       0     0     0         0.073      10       4  00:44       0.65
  BEND_BF6                 0.091      17     0     0         0.201      37       4  00:43      22.27
  BEND_BF7                 0.088      15     0     0         0.195      33       4  00:44      22.22
  JF8                      0.079      13     0     0         0.185      31       4  00:44      22.50
  IN-F10A                  0.001       0     0     0         0.010       3       4  00:35       0.45
  IN-F10B                  0.002       1     0     0         0.022       7       4  00:35       0.65
  MF2B                     0.078      12     0     0         0.185      28       4  00:44      22.99
  IN-F12B                  0.002       1     0     0         0.024       8       4  00:35       0.78
  IN-F15                   0.002       1     0     0         0.021       8       4  00:35       2.20
  IN-F14                   0.003       0     0     0         0.079      12       4  00:44       3.00
  JF9                      0.078       9     0     0         0.189      23       4  00:44      25.34
  IN-F10C                  0.001       0     0     0         0.013       4       4  00:35       1.29
  JBF3                     0.002       0     0     0         0.025       2       4  00:35       0.70
  IN-F16                   0.001       0     0     0         0.012       3       4  00:35       0.71
  JF10                     0.076       7     0     0         0.190      19       4  00:45      25.59
  IN-F10D                  0.001       0     0     0         0.013       3       4  00:35       1.42
  JBF7                     0.001       0     0     0         0.024       2       4  00:35       0.81
  IN-F16B                  0.001       0     0     0         0.013       4       4  00:35       0.81
  JF10B                    0.072       6     0     0         0.190      16       4  00:46      25.68
  IN-F10E                  0.001       0     0     0         0.011       3       4  00:35       1.02
  JBF4                     0.001       0     0     0         0.017       3       4  00:35       0.56
  IN-F16C                  0.001       0     0     0         0.011       3       4  00:35       0.56
  IN-F18B                  0.001       0     0     0         0.022       7       4  00:35       2.98
  IN-F18                   0.005       3     0     0         0.083      43       4  00:35       6.46
  MF3                      0.077       6     0     0         0.219      16       4  00:46      29.93
  IN-F10F                  0.003       1     0     0         0.032       8       4  00:35       1.17
  IN-F17                   0.002       0     0     0         0.030       6       4  00:35       0.26
  JF11                     0.072       5     0     0         0.219      15       4  00:47      29.05
  IN-F19                   0.001       0     0     0         0.009       5       4  00:35       0.82
  JF12                     0.067       4     0     0         0.227      15       4  00:47      29.89
  IN-F21                   0.001       0     0     0         0.011       3       4  00:35       0.88
  IN-F23                   0.005       2     0     0         0.056      17       4  00:35       2.89
  IN-F20                   0.002       1     0     0         0.027      14       4  00:35       2.46
  IN-F23B                  0.004       1     0     0         0.050      10       4  00:36       3.88
  IN-F24                   0.006       1     0     0         0.069      11       4  00:37       4.44
  JBF10                    0.004       0     0     0         0.041       3       4  00:37       4.43
  MF4                      0.047       3     0     0         0.270      19       4  00:46      61.53
  JF13                     0.071       5     0     0         0.261      18       4  00:46      31.60
  IN-F22                   0.001       0     0     0         0.006       3       4  00:35       0.32
  IN-F35                   0.000       0     0     0         0.006       1       4  00:35       0.31
  JF16                     0.043       3     0     0         0.273      21       4  00:46      59.26
  IN-F37                   0.001       0     0     0         0.051      10       4  00:46       0.72
  JF17                     0.045       5     0     0         0.296      35       4  00:46      60.24
  IN-F45C                  0.003       1     0     0         0.045      12       4  00:36       2.76
  IN-F45B                  0.005       1     0     0         0.069      17       4  00:36       5.51
  IN-F45A                  0.009       2     0     0         0.088      21       4  00:36       8.25
  IN-F44B                  0.010       2     0     0         0.096      21       4  00:37      10.04
  IN-F44A                  0.008       2     0     0         0.069      15       4  00:36      10.96
  BEND_BF15                0.009       1     0     0         0.085      12       4  00:38      10.90
  BEND_BF14                0.010       1     0     0         0.095      13       4  00:38      10.88
  MF6C                     0.009       1     0     0         0.081      13       4  00:39      10.88
  JBF15                    0.013       1     0     0         0.204      14       4  00:45      10.67
  IN-F42                   0.017       3     0     0         0.264      49       4  00:46      14.59
  MF6                      0.042       6     0     0         0.324      45       4  00:46      82.48
  JBF14                    0.011       1     0     0         0.183      10       4  00:46       7.10
  MF6B                     0.011       2     0     0         0.087      14       4  00:38       7.35
  IN-F40                   0.012       2     0     0         0.100      15       4  00:38       7.36
  BEND_BF11                0.011       2     0     0         0.089      14       4  00:39       6.12
  BEND_BF10                0.011       2     0     0         0.099      14       4  00:39       6.10
  IN-F39                   0.009       2     0     0         0.080      19       4  00:37       6.17
  IN-F38                   0.005       1     0     0         0.035      10       4  00:38       1.85
  JF18                     0.053       6     0     0         0.350      42       4  00:46     103.23
  JF20                     0.049       6     0     0         0.336      38       4  00:46     129.28
  JF19                     0.012       1     0     0         0.464      52       4  00:43      31.75
  IN-F47                   0.001       1     0     0         0.014       7       4  00:35       2.44
  IN-F50                   0.004       2     0     0         0.023      12       4  00:35       3.42
  IN-F49                   0.008       1     0     0         0.218      28       4  00:46       3.55
  JF20B                    0.057       5     0     0         0.384      37       4  00:46     131.46
  JF21                     0.056       5     0     0         0.369      33       4  00:46     147.75
  IN-F51                   0.008       4     0     0         0.118      61       4  00:35      26.84
  IN-F52                   0.003       0     0     0         0.051       5       4  00:35       3.01
  MF7                      0.049       4     0     0         0.339      29       4  00:48     147.03
  IN-F52B                  0.001       0     0     0         0.022       2       4  00:32       2.94
  JF22                     0.047       4     0     0         0.336      26       4  00:50     143.69
  JF23                     0.055       4     0     0         0.353      24       4  00:53     140.55
  IN-F53                   0.001       0     0     0         0.010       1       4  00:33       0.73
  MF8                      0.046       3     0     0         0.328      22       4  00:54     138.81
  IN-F54                   0.003       1     0     0         0.043      22       4  00:35       1.98
  IN-F25                   0.009       1     0     0         0.097      15       4  00:39      34.81
  IN-F63A                  0.002       0     0     0         0.034       3       4  00:35       6.22
  JF23B                    0.051       4     0     0         0.340      24       4  00:55     138.19
  IN-F63B                  0.006       1     0     0         0.082       7       4  00:35       6.29
  MF9                      0.061       6     0     0         0.423      44       4  00:56     145.71
  IN-F55                   0.013       5     0     0         0.165      64       4  00:35      13.82
  IN-F63                   0.003       0     0     0         0.053       5       4  00:35       2.50
  IN-F65                   0.002       1     0     0         0.023       6       4  00:35       1.87
  IN-F64                   0.005       1     0     0         0.071      15       4  00:35       6.31
  IN-F66                   0.002       1     0     0         0.032      14       4  00:35       1.75
  MF10                     0.061       4     0     0         0.391      24       4  00:59     153.26
  IN-F67                   0.001       0     0     0         0.007       3       4  00:35       0.41
  JF28                     0.060       3     0     0         0.370      22       4  01:00     152.85
  IN-F68                   0.002       1     0     0         0.026      14       4  00:35       4.84
  JF26                     0.052       4     0     0         0.375      28       4  00:58     152.41
  IN-F57B                  0.002       1     0     0         0.031       9       4  00:35       0.55
  IN-F60                   0.004       1     0     0         0.043      13       4  00:36       8.51
  JF24                     0.063       5     0     0         0.416      32       4  00:57     145.79
  BEND_BF17                0.003       0     0     0         0.038       3       4  00:37       2.77
  JF25                     0.060       5     0     0         0.397      31       4  00:57     148.93
  IN-F58                   0.004       1     0     0         0.052      14       4  00:35       2.88
  IN-F57A                  0.002       1     0     0         0.029       9       4  00:35       1.11
  IN-F56                   0.001       0     0     0         0.010       1       4  00:35       0.89
  BEND_BF19                0.007       2     0     0         0.065      16       4  00:36       6.39
  IN-F62                   0.009       2     0     0         0.073      19       4  00:35       6.45
  IN-F59                   0.005       1     0     0         0.067       7       4  00:37       4.59
  IN-F61                   0.003       0     0     0         0.040       5       4  00:33       8.16
  BEND_BF18                0.010       1     0     0         0.075      10       4  00:36       6.36
  BEND_BF21                0.004       1     0     0         0.038       8       4  00:35       6.31
  BEND_BF20                0.005       1     0     0         0.065      14       4  00:35       6.25
  JF27                     0.003       1     0     0         0.042      10       4  00:35       7.93
  JF29                     0.049       3     0     0         0.334      19       4  01:01     153.23
  IN-H1                    0.002       1     0     0         0.034      11       4  00:35       1.04
  IN-H2                    0.005       2     0     0         0.058      19       4  00:36       3.36
  JF30                     0.058       4     0     0         0.385      25       4  01:06     158.62
  IN-F70                   0.003       1     0     0         0.031       7       4  00:36       6.00
  IN-F69                   0.008       4     0     0         0.178      93       4  00:35      14.62
  MF11                     0.054       3     0     0         0.366      22       4  01:04     157.21
  IN-H3                    0.008       1     0     0         0.102      10       4  00:37      18.83
  IN-H4                    0.002       1     0     0         0.030      12       4  00:35       1.61
  JH1                      0.011       2     0     0         0.125      25       4  00:37      13.29
  IN-H5                    0.002       0     0     0         0.030       7       4  00:36       2.51
  IN-H6                    0.010       2     0     0         0.139      27       4  00:37      11.01
  IN-H7                    0.007       2     0     0         0.117      27       4  00:36       9.89
  IN-H8                    0.006       2     0     0         0.112      28       4  00:36       6.14
  IN-H9                    0.007       2     0     0         0.090      27       4  00:35       5.45
  IN-H10                   0.005       2     0     0         0.088      29       4  00:35       4.42
  IN-F70B                  0.009       3     0     0         0.065      25       4  00:35       4.19
  IN-F72                   0.001       0     0     0         0.014       6       4  00:35       1.94
  JF32                     0.052       4     0     0         0.352      25       4  01:10     156.32
  IN-F71                   0.001       1     0     0         0.017       9       4  00:35       2.94
  JF31                     0.062       4     0     0         0.380      26       4  01:08     157.97
  JF33                     0.061       5     0     0         0.376      33       4  01:13     156.40
  IN-F74                   0.004       1     0     0         0.047       9       4  00:35       7.61
  IN-F76                   0.001       0     0     0         0.011       1       4  00:35       0.40
  BEND_G                   0.015       4     0     0         0.142      36       4  00:38      17.28
  MF13                     0.092       4     0     0         0.504      22       4  01:21     226.98
  IN-F80                   0.170      10     0     0         0.819      50       4  01:03     113.95
  IN-F82                   0.001       1     0     0         0.008       4       4  00:35       0.68
  JF34                     0.089       8     0     0         0.499      43       4  01:22     224.95
  JF35                     0.005       1     0     0         0.157      20       4  01:22       1.10
  IN-F81                   0.001       0     0     0         0.010       1       4  00:35       0.43
  JG3                      0.052       7     0     0         0.557      73       4  00:55       5.21
  JG2                      0.075      12     0     0         0.428      67       4  00:54     103.20
  JBG2                     0.057       7     0     0         0.390      51       4  00:55      51.01
  BEND-BF22                0.092       4     0     0         0.515      24       4  01:23     221.37
  IN-C5                    0.003       1     0     0         0.027       9       4  00:35       1.44
  IN-C6                    0.003       1     0     0         0.024       7       4  00:35       2.84
  BEND-BF23                0.101       5     0     0         0.528      28       4  01:25     219.02
  MF14                     0.101       4     0     0         0.516      22       4  01:26     215.64
  IN-E1                    0.002       1     0     0         0.024       7       4  00:35       1.29
  IN-E2                    0.005       1     0     0         0.068      19       4  00:35       3.36
  IN-E3                    0.005       1     0     0         0.057      16       4  00:36       3.78
  M-26                     0.112       5     0     0         0.519      22       4  01:27     212.95
  IN-E9                    0.007       1     0     0         0.093      12       4  00:37      15.81
  IN-E8                    0.001       0     0     0         0.009       2       4  00:35       0.58
  JE1                      0.004       1     0     0         0.053       9       4  00:36       8.99
  IN-C13                   0.002       1     0     0         0.042      14       4  01:06       1.16
  IN-C10                   0.001       0     0     0         0.037      12       4  00:57       0.25
  IN-C7                    0.003       1     0     0         0.033      10       4  00:35       4.41
  IN-E7                    0.004       1     0     0         0.061      12       4  00:36       8.48
  IN-E6                    0.006       1     0     0         0.074      16       4  00:36       7.67
  IN-E5                    0.006       1     0     0         0.081      19       4  00:36       6.88
  IN-E4                    0.004       1     0     0         0.068      17       4  00:36       4.87
  IN-C15                   0.002       1     0     0         0.021       6       4  01:04       2.16
  IN-C16                   0.002       1     0     0         0.012       4       4  00:35       0.89
  IN-F83                   0.009       5     0     0         0.077      40       4  00:36       4.73
  IN-C18                   0.003       1     0     0         0.021       7       4  00:35       2.82
  IN-C19B                  0.013       4     0     0         0.084      28       4  00:40       4.14
  IN-C19A                  0.010       3     0     0         0.076      26       4  00:40       8.27
  JC10                     0.019       5     0     0         0.119      34       4  00:40      10.32
  IN-C20                   0.008       3     0     0         0.096      29       4  00:40       2.23
  IN-E15                   0.001       0     0     0         0.019       4       4  00:35       0.73
  IN-E14                   0.003       1     0     0         0.033       7       4  00:35       1.50
  IN-E13                   0.004       1     0     0         0.060      11       4  00:36       3.35
  MH-MF28                  0.104       5     0     0         0.468      24       4  01:29     215.68
  EXIST_BEND               0.111       5     0     0         0.499      22       4  01:29     212.49
  IN-F84                   0.007       2     0     0         0.061      17       4  00:40       6.17
  IN-F85                   0.008       2     0     0         0.066      21       4  00:37      11.62
  IN-E12                   0.006       1     0     0         0.077      12       4  00:37       4.67
  IN-E11                   0.006       1     0     0         0.085      12       4  00:37       5.69
  IN-E10                   0.007       1     0     0         0.088      12       4  00:38       6.79
  MH_5043                  0.065       7     0     0         0.266      28       4  00:55      10.40
  MH_5447                  0.142       5     0     0         0.435      17       4  01:38     231.93
  MH_5452                  0.191       8     0     0         0.391      16       4  01:40     231.72
  MH-33                    0.235      13     0     0         0.344      20       4  01:40     231.71
  END-OF-PIPES             0.260      68     0     0         0.308      80       4  01:40     231.71
  IN-F26                   0.013       3     0     0         0.134      32       4  00:39      29.11
  IN-F27                   0.008       2     0     0         0.133      25       4  00:38      19.11
  IN-F28                   0.011       3     0     0         0.148      42       4  00:38      17.85
  IN-F32                   0.004       1     0     0         0.029      10       4  00:38       0.80
  MF5                      0.011       2     0     0         0.126      22       4  00:38      17.07
  IN-F33B                  0.008       1     0     0         0.136      23       4  00:38      16.31
  IN-F33A                  0.002       0     0     0         0.018       5       4  00:35       1.23
  JF14                     0.010       2     0     0         0.124      26       4  00:37      13.09
  IN-F33C                  0.009       2     0     0         0.134      27       4  00:37      12.09
  IN-F31                   0.004       1     0     0         0.042      14       4  00:36       2.30
  JF15                     0.006       1     0     0         0.089      22       4  00:37       8.28
  IN-F34                   0.002       1     0     0         0.026       9       4  00:35       2.27
  IN-F29B                  0.005       1     0     0         0.067      19       4  00:36       6.43
  IN-F29A                  0.005       2     0     0         0.073      23       4  00:35       4.96
  IN-F30                   0.003       1     0     0         0.049      15       4  00:35       3.50
  BEND_BF16                0.003       1     0     0         0.031       8       4  00:36       2.86
  JB_0931                  0.089       9     0     0         0.278      29       4  00:54      28.91
  JB_0643                  0.094      15     0     0         0.286      45       4  00:54      14.84
  JB_1120                  0.088      14     0     0         0.289      45       4  00:54      13.65
  
  
  ***********************
  Outfall Loading Summary
  ***********************
  
  -----------------------------------------------------------
                         Flow       Avg       Max       Total
                         Freq      Flow      Flow      Volume
  Outfall Node           Pcnt       CFS       CFS    10^6 gal
  -----------------------------------------------------------
  1                    100.00     39.19    231.71      61.017
  ConcreteChannel       54.87     63.59    225.01      49.729
  -----------------------------------------------------------
  System                77.43    102.78    439.13     110.746
  
  
  ********************
  Link Flow Summary
  ********************
  
  -----------------------------------------------------------------------------
                                 Maximum  Time of Max   Maximum    Max/    Max/
                                  |Flow|   Occurrence   |Veloc|    Full    Full
  Link                 Type          CFS  days hr:min    ft/sec    Flow   Depth
  -----------------------------------------------------------------------------
  RUNOUT               CONDUIT    231.71     4  01:41      4.14    0.11    1.00
  M-0-5-6              CONDUIT    231.71     4  01:40      4.14    0.71    1.00
  M-O-4                CONDUIT    231.72     4  01:40      5.38    0.83    0.67
  M-O-3                CONDUIT    231.93     4  01:38      4.50    0.82    0.81
  CL-F00               CONDUIT    215.68     4  01:24      4.00    0.76    0.88
  M-O-2                CONDUIT    235.66     4  01:29      4.54    0.84    0.84
  LAT-F59a             CONDUIT     11.62     4  00:37      6.99    0.24    0.37
  LAT-F59b             CONDUIT      6.17     4  00:40      5.04    0.26    0.41
  LAT-59c              CONDUIT      4.73     4  00:36      2.77    0.43    0.54
  CL-F01a              CONDUIT    212.49     4  01:25      3.61    0.35    0.94
  CL-F01b              CONDUIT    212.95     4  01:23      3.46    0.81    0.99
  CL-F02               CONDUIT    215.64     4  01:14      3.51    0.67    1.00
  CL-F03a              CONDUIT    219.02     4  01:14      3.67    0.50    1.00
  CL-F03b              CONDUIT    221.37     4  01:12      3.65    0.50    1.00
  CL-F03c              CONDUIT    224.95     4  01:12      3.88    0.51    0.99
  LAT-F57a             CONDUIT      1.10     4  00:36      3.49    0.03    1.00
  LAT-F57b             CONDUIT      0.43     4  00:35      1.65    0.01    0.52
  LAT-F58              CONDUIT      0.68     4  00:35      3.55    0.01    0.52
  CL-F04               CONDUIT    226.98     4  01:11      3.93    0.52    0.98
  LAT-F55              CONDUIT      5.24     4  00:35      7.19    0.04    0.55
  LAT-F56a             CONDUIT     77.93     4  01:25      7.09    0.31    0.89
  LAT-F56b             CONDUIT     77.66     4  01:25      6.18    0.64    1.00
  LAT-F56c             CONDUIT    113.95     4  00:53      9.07    0.44    1.00
  CL-G08               CONDUIT    113.98     4  00:53     10.70    0.20    0.79
  CL-G07               CONDUIT     17.92     4  00:39      4.54    0.42    0.55
  CL-G06a              CONDUIT     17.28     4  00:38      3.33    0.49    0.69
  CL-G06b              CONDUIT     17.35     4  00:38      3.08    0.49    0.75
  CL-G05               CONDUIT     16.66     4  00:38      2.81    0.54    0.79
  CL-G04               CONDUIT     15.67     4  00:37      3.56    0.85    0.85
  CL-G03               CONDUIT     13.84     4  00:38      2.87    0.72    0.96
  CL-G02               CONDUIT     12.85     4  00:38      2.65    0.57    0.96
  CL-G01               CONDUIT      1.58     4  00:41      0.78    0.13    0.97
  CL-G00               CONDUIT      1.37     4  00:39      1.62    0.06    0.69
  LAT-G1a              CONDUIT     11.97     4  00:35      4.38    0.50    1.00
  LAT-G1b              CONDUIT      8.53     4  00:35      2.72    0.71    1.00
  CL-G09               CONDUIT    103.20     4  00:54      8.78    1.04    0.88
  LAT-G2               CONDUIT      5.58     4  00:35      9.08    0.07    1.00
  CL-G10               CONDUIT    101.11     4  00:57      8.05    1.86    1.00
  LAT-G3               CONDUIT     51.01     4  02:05      7.91    0.46    1.00
  LAT-G4               CONDUIT     24.53     4  00:35      7.81    0.61    1.00
  CL-G11               CONDUIT      5.38     4  00:42      2.77    0.22    1.00
  LAT-G5               CONDUIT      1.88     4  00:35      3.99    0.07    1.00
  CL-G12               CONDUIT      4.45     4  00:42      1.61    0.18    1.00
  CL-G13               CONDUIT      4.22     4  00:42      2.75    0.44    1.00
  CL-G14               CONDUIT      3.65     4  00:42      1.94    0.38    1.00
  CL-G15               CONDUIT      3.30     4  00:35      1.92    0.35    1.00
  CL-G16               CONDUIT      2.81     4  01:10      1.88    0.28    1.00
  CL-G17               CONDUIT      2.47     4  01:10      0.99    0.27    1.00
  CL-E01               CONDUIT      1.29     4  00:35      1.29    0.07    0.36
  CL-E02               CONDUIT      3.36     4  00:35      2.24    0.31    0.49
  CL-E03               CONDUIT      3.78     4  00:36      2.50    0.31    0.49
  CL-E04               CONDUIT      4.87     4  00:36      2.56    0.26    0.58
  CL-E05               CONDUIT      6.88     4  00:36      3.44    0.37    0.61
  CL-E06               CONDUIT      7.67     4  00:36      4.53    0.38    0.53
  CL-E07               CONDUIT      8.48     4  00:36      5.38    0.13    0.36
  LAT-E1               CONDUIT      0.58     4  00:35      4.65    0.01    0.18
  CL-E08               CONDUIT      8.99     4  00:36      6.70    0.14    0.35
  CL-E09               CONDUIT     15.81     4  00:37      6.22    0.19    0.39
  CL-E10               CONDUIT      6.79     4  00:38      2.14    0.28    0.47
  CL-E11               CONDUIT      5.69     4  00:37      1.87    0.23    0.45
  CL-E12               CONDUIT      4.67     4  00:36      1.72    0.19    0.42
  CL-E13               CONDUIT      3.35     4  00:35      1.63    0.13    0.36
  CL-E14               CONDUIT      1.50     4  00:35      2.67    0.10    0.24
  CL-E15               CONDUIT      0.73     4  00:35      1.61    0.05    0.20
  LAT-F54              CONDUIT      0.40     4  00:35      3.16    0.01    0.35
  CL-F05               CONDUIT    152.22     4  01:08      2.95    0.35    0.92
  CL-F06               CONDUIT    156.40     4  01:06      4.70    0.51    0.84
  LAT-F53a             CONDUIT      7.61     4  00:35     11.23    0.06    0.57
  LAT-F53b             CONDUIT      4.61     4  00:35      5.48    0.18    0.37
  CL-F07               CONDUIT    156.32     4  01:04      4.30    0.51    0.81
  LAT-F51              CONDUIT      1.94     4  00:35     10.80    0.02    0.53
  CL-F08               CONDUIT    157.97     4  01:03      4.17    0.51    0.82
  LAT-F50              CONDUIT      2.94     4  00:35     13.36    0.03    0.53
  CL-F09               CONDUIT    158.62     4  01:02      3.94    0.51    0.85
  LAT-F49b             CONDUIT      6.00     4  00:36     15.37    0.03    0.54
  LAT-F49a             CONDUIT      4.19     4  00:35      4.05    0.33    0.37
  CL-F10               CONDUIT    157.21     4  01:01      3.98    0.51    0.84
  LAT-F48              CONDUIT     14.62     4  00:35      5.17    1.12    0.84
  CL-H00               CONDUIT      1.04     4  00:35      1.15    0.09    0.36
  CL-H01               CONDUIT      3.36     4  00:36      3.01    0.30    0.39
  LAT-H1               CONDUIT      1.61     4  00:35      4.42    0.03    0.17
  CL-H02               CONDUIT     13.29     4  00:37      4.04    0.69    0.64
  LAT-H3               CONDUIT      2.51     4  00:35      4.27    0.04    0.54
  CL-H03               CONDUIT     11.01     4  00:36      2.54    0.56    0.83
  CL-H04               CONDUIT      9.89     4  00:36      2.45    0.52    0.80
  CL-H05               CONDUIT      6.14     4  00:35      1.92    0.38    0.72
  CL-H06               CONDUIT      5.45     4  00:35      2.92    0.58    0.66
  CL-H07               CONDUIT      4.42     4  00:35      2.00    0.43    0.69
  LAT-H2               CONDUIT     18.83     4  00:37      6.70    0.46    0.56
  CL-F11               CONDUIT    153.23     4  00:59      4.14    0.50    0.78
  LAT-F47              CONDUIT      4.84     4  00:35     11.71    0.07    0.23
  CL-F12               CONDUIT    152.85     4  00:58      4.11    0.52    0.79
  LAT-F46              CONDUIT      0.41     4  00:35      5.64    0.01    0.33
  CL-F13               CONDUIT    153.26     4  00:57      3.77    0.49    0.85
  LAT-F44a             CONDUIT      7.93     4  00:36     10.13    0.15    0.30
  LAT-F45              CONDUIT      1.75     4  00:35      3.55    0.07    0.21
  LAT-F44b             CONDUIT      6.25     4  00:35      5.51    0.16    0.39
  LAT-F44c             CONDUIT      6.31     4  00:35      5.39    0.17    0.40
  LAT-F44d             CONDUIT      6.31     4  00:35      4.99    0.15    0.42
  LAT-F44e             CONDUIT      1.87     4  00:35      1.79    0.07    0.37
  CL-F14               CONDUIT    152.41     4  00:56      3.75    0.50    0.85
  LAT-F43a             CONDUIT      8.16     4  00:36     10.62    0.02    0.55
  LAT-F43b             CONDUIT      6.36     4  00:36      3.37    0.12    0.31
  LAT-F43c             CONDUIT      6.39     4  00:36      2.77    0.15    0.36
  LAT-F43d             CONDUIT      6.45     4  00:35      2.85    0.15    0.36
  LAT-F43e             CONDUIT      2.50     4  00:35      2.62    0.16    0.34
  CL-F15               CONDUIT    148.93     4  00:55      3.66    0.49    0.86
  LAT-F42a             CONDUIT      8.51     4  00:37     10.78    0.15    0.62
  LAT-F42b             CONDUIT      4.59     4  00:37      3.96    0.15    0.43
  LAT-F42c             CONDUIT      2.77     4  00:37      4.15    0.12    0.27
  LAT-F42d             CONDUIT      2.86     4  00:36      4.30    0.12    0.27
  LAT-F42e             CONDUIT      2.88     4  00:35      3.28    0.11    0.32
  LAT-F42f             CONDUIT      1.11     4  00:35      1.32    0.07    0.32
  LAT-F42g             CONDUIT      0.55     4  00:35      1.14    0.03    0.23
  CL-F16               CONDUIT    145.79     4  00:55      3.36    0.47    0.91
  LAT-F41              CONDUIT      0.89     4  00:36      8.86    0.01    0.52
  CL-F17               CONDUIT    145.71     4  00:54      3.27    0.48    0.94
  LAT-F40              CONDUIT     13.82     4  00:36      4.93    1.07    0.83
  LAT-F40B             CONDUIT      6.29     4  00:35      3.63    0.47    0.54
  CL-F18               CONDUIT    138.19     4  00:53      4.17    0.55    0.91
  LAT-F39B             CONDUIT      6.22     4  00:35     10.57    0.11    0.59
  CL-F19               CONDUIT    138.81     4  00:50      4.18    0.56    0.87
  LAT-F39              CONDUIT      1.98     4  00:35      2.63    0.16    0.29
  CL-F20               CONDUIT    140.55     4  00:48      4.06    0.56    0.89
  LAT-F38              CONDUIT      0.73     4  00:33      6.33    0.01    0.53
  CL-F21               CONDUIT    143.69     4  00:47      4.09    0.61    0.90
  LAT-F37              CONDUIT      2.94     4  00:35      8.21    0.05    0.56
  CL-F22               CONDUIT    147.03     4  00:45      4.30    0.59    0.88
  LAT-F36B             CONDUIT      3.01     4  00:35      3.09    0.22    0.35
  CL-F23               CONDUIT    147.75     4  00:44      4.00    0.59    0.92
  LAT-F36              CONDUIT     26.84     4  00:35     11.21    0.53    0.76
  CL-F24               CONDUIT    131.46     4  00:45      3.22    0.54    0.98
  LAT-F35a             CONDUIT      3.55     4  00:40      4.77    0.06    1.00
  LAT-F35b             CONDUIT      3.42     4  00:35      4.76    0.07    0.59
  CL-F25               CONDUIT    129.28     4  00:44      3.92    0.66    1.00
  LAT-F34              CONDUIT     33.65     4  00:35     11.61    0.56    1.00
  CL-F26               CONDUIT    103.23     4  00:46      2.95    0.54    1.00
  LAT-F32a             CONDUIT     31.75     4  00:34     10.13    0.98    1.00
  LAT-F33              CONDUIT      2.44     4  00:35      1.83    0.03    0.56
  LAT-F32b             CONDUIT     31.23     4  00:34      9.94    0.96    1.00
  CL-F27               CONDUIT     82.48     4  00:49      2.43    0.42    1.00
  LAT-F30a             CONDUIT     10.81     4  00:39      5.41    0.14    0.98
  LAT-F30b             CONDUIT      7.10     4  00:39      2.76    0.17    0.96
  LAT-F30c             CONDUIT      7.35     4  00:39      3.43    0.36    0.45
  LAT-F30d             CONDUIT      7.36     4  00:38      2.48    0.38    0.58
  LAT-F30e             CONDUIT      6.12     4  00:40      3.13    0.55    0.61
  LAT-F30f             CONDUIT      6.10     4  00:39      2.47    0.55    0.74
  LAT-F30g             CONDUIT      6.17     4  00:37      2.73    0.56    0.70
  LAT-F30h             CONDUIT      1.85     4  00:38      1.56    0.11    0.45
  LAT-F31a             CONDUIT     14.59     4  00:40      3.09    0.27    1.00
  LAT-F31b             CONDUIT     14.60     4  00:39      3.88    0.31    1.00
  LAT-F31c             CONDUIT     10.67     4  00:39      2.15    0.21    1.00
  LAT-F31d             CONDUIT     10.88     4  00:39      4.86    0.18    0.35
  LAT-F31e             CONDUIT     10.88     4  00:38      3.44    0.20    0.46
  LAT-F31f             CONDUIT     10.90     4  00:38      3.38    0.20    0.47
  LAT-F31g             CONDUIT     10.96     4  00:37      4.20    0.20    0.40
  LAT-F31h             CONDUIT     10.04     4  00:37      3.46    0.15    0.43
  LAT-F31i             CONDUIT      8.25     4  00:36      2.48    0.23    0.48
  LAT-F31j             CONDUIT      5.51     4  00:36      2.24    0.05    0.41
  LAT-F31k             CONDUIT      2.76     4  00:36      2.12    0.02    0.30
  CL-F28               CONDUIT     60.24     4  00:48      2.56    0.38    0.96
  LAT-F29              CONDUIT      0.72     4  00:35      6.73    0.01    0.70
  CL-F29               CONDUIT     59.26     4  00:43      2.84    0.37    0.89
  LAT-F27              CONDUIT      0.31     4  00:35      4.52    0.00    0.52
  CL-F30               CONDUIT     61.53     4  00:42      3.06    0.38    0.85
  LAT-F21a             CONDUIT      4.43     4  00:37      6.08    0.13    0.28
  LAT-F21b             CONDUIT      4.44     4  00:37      3.19    0.31    0.46
  LAT-F21c             CONDUIT      3.88     4  00:36      2.72    0.29    0.46
  LAT-F21d             CONDUIT      2.89     4  00:35      2.36    0.28    0.41
  LAT-F21e             CONDUIT      2.46     4  00:35      2.83    0.02    0.32
  LAT-F22a             CONDUIT     34.81     4  00:39     10.29    0.24    0.38
  LAT-F22b             CONDUIT     29.11     4  00:39      5.83    0.49    0.52
  LAT-F22c             CONDUIT     19.11     4  00:38      3.43    0.13    0.59
  LAT-F22d             CONDUIT     17.85     4  00:38      2.82    0.35    0.63
  LAT-F22e             CONDUIT     17.07     4  00:38      3.80    0.48    0.63
  LAT-F24              CONDUIT      0.80     4  00:38      1.94    0.08    0.19
  LAT-F22f             CONDUIT     16.31     4  00:37      3.21    0.13    0.68
  LAT-F23              CONDUIT      2.30     4  00:36      2.99    0.19    0.29
  LAT-F22g             CONDUIT     13.09     4  00:37      3.54    0.61    0.74
  LAT-F22h             CONDUIT     12.09     4  00:37      2.87    0.47    0.81
  LAT-F22i             CONDUIT      8.28     4  00:37      2.31    0.36    0.70
  LAT-F26              CONDUIT      2.27     4  00:35      4.13    0.06    0.39
  LAT-F22j             CONDUIT      6.43     4  00:36      2.99    0.28    0.49
  LAT-F22k             CONDUIT      4.96     4  00:35      3.52    0.26    0.46
  LAT-F25              CONDUIT      1.23     4  00:35      1.93    0.04    0.49
  LAT-F22l             CONDUIT      3.50     4  00:35      2.39    0.25    0.47
  CL-F31               CONDUIT     31.60     4  00:53      3.34    0.32    0.83
  LAT-F20              CONDUIT      0.32     4  00:35      4.62    0.00    0.52
  CL-F32               CONDUIT     29.89     4  00:51      2.74    0.30    0.76
  LAT-F19              CONDUIT      0.88     4  00:35      6.00    0.01    0.53
  CL-F33               CONDUIT     29.05     4  00:43      2.89    0.30    0.70
  LAT-F17              CONDUIT      0.82     4  00:35      6.93    0.01    0.50
  CL-F34               CONDUIT     29.93     4  00:39      2.69    0.31    0.68
  LAT-F15a             CONDUIT      1.17     4  00:35      2.33    0.09    0.22
  LAT-F15b             CONDUIT      0.26     4  00:36      0.59    0.02    0.24
  LAT-F16a             CONDUIT      6.46     4  00:35      3.67    0.49    0.55
  LAT-F16b             CONDUIT      2.98     4  00:35      2.49    0.06    0.41
  CL-F35               CONDUIT     25.68     4  00:44      3.13    0.34    0.65
  LAT-F10Ea            CONDUIT      1.02     4  00:35      6.58    0.01    0.45
  LAT-F10Eb            CONDUIT      0.56     4  00:35      3.13    0.01    0.11
  LAT-F10Ec            CONDUIT      0.56     4  00:35      4.85    0.01    0.08
  CL-F36               CONDUIT     25.59     4  00:42      2.51    0.35    0.66
  LAT-F14a             CONDUIT      1.42     4  00:35      6.53    0.02    0.46
  LAT-F14b             CONDUIT      0.81     4  00:35      2.89    0.04    0.14
  LAT-F14c             CONDUIT      0.81     4  00:35      5.48    0.02    0.09
  CL-F37               CONDUIT     25.34     4  00:42      2.42    0.34    0.66
  LAT-F10Ca            CONDUIT      1.29     4  00:35      6.34    0.02    0.46
  LAT-F10Cb            CONDUIT      0.70     4  00:35      2.42    0.03    0.15
  LAT-F10Cc            CONDUIT      0.71     4  00:35      5.03    0.01    0.09
  LAT-F13a             CONDUIT      3.00     4  00:35      3.82    0.06    0.74
  LAT-F13b             CONDUIT      2.20     4  00:35      3.33    0.06    0.37
  CL-F38               CONDUIT     22.99     4  00:43      2.20    0.32    0.65
  LAT-F10B             CONDUIT      0.65     4  00:35      2.08    0.05    0.16
  LAT-F12B             CONDUIT      0.78     4  00:35      2.21    0.06    0.17
  CL-F39               CONDUIT     22.50     4  00:42      2.15    0.28    0.64
  LAT-F10A             CONDUIT      0.45     4  00:35      3.29    0.01    0.43
  LAT-F12a             CONDUIT      0.65     4  00:30      3.16    0.02    0.69
  LAT-F12bb            CONDUIT      0.75     4  00:35      4.02    0.02    0.31
  CL-F40               CONDUIT     22.22     4  00:42      2.02    0.31    0.66
  CL-F41               CONDUIT     22.27     4  00:42      1.93    0.29    0.69
  CL-F42               CONDUIT     22.37     4  00:41      1.94    0.30    0.69
  LAT-F11a             CONDUIT      1.49     4  00:35      4.14    0.03    0.64
  LAT-F11b             CONDUIT      0.57     4  00:35      2.64    0.02    0.21
  LAT-F11c             CONDUIT      0.54     4  00:35      2.74    0.02    0.11
  CL-F43               CONDUIT     21.37     4  00:41      1.82    0.29    0.70
  LAT-F10              CONDUIT      0.74     4  00:35      3.83    0.02    0.57
  LAT-F9               CONDUIT      0.34     4  00:30      1.67    0.02    0.86
  CL-F45               CONDUIT     21.16     4  00:40      1.86    0.29    0.70
  CL-F44               CONDUIT     21.11     4  00:41      1.76    0.28    0.72
  LAT-F8               CONDUIT      4.69     4  00:35      2.97    0.34    0.69
  CL-F46               CONDUIT     17.93     4  00:41      2.88    0.33    0.65
  CL-F47               CONDUIT     18.00     4  00:40      2.19    0.36    0.68
  LAT-F6a              CONDUIT      0.30     4  00:35      2.69    0.01    0.47
  LAT-F6b              CONDUIT      0.31     4  00:35      4.04    0.01    0.06
  CL-C48               CONDUIT     17.87     4  00:40      1.96    0.33    0.71
  CL-F49               CONDUIT     18.03     4  00:39      2.04    0.33    0.71
  LAT-F4               CONDUIT      1.92     4  00:35      5.64    0.03    0.48
  LAT-F5               CONDUIT      3.67     4  00:35      8.12    0.03    0.49
  CL-F50               CONDUIT     13.90     4  00:39      2.16    0.26    0.63
  LAT-F3               CONDUIT      0.58     4  00:35      3.36    0.02    0.10
  LAT-F3B              CONDUIT      2.03     4  00:35      2.74    0.15    0.29
  CL-F51               CONDUIT     12.50     4  00:37      2.48    0.23    0.52
  LAT-F2a              CONDUIT      3.37     4  00:35      3.16    0.26    0.37
  LAT-F2b              CONDUIT      0.50     4  00:35      0.82    0.01    0.25
  LAT-F1               CONDUIT     10.47     4  01:13      6.18    1.71    0.91
  C167                 CONDUIT     28.47     4  02:08      5.55    0.76    1.00
  C168                 CONDUIT     28.91     4  00:36      4.29    1.62    1.00
  C169                 CONDUIT     29.04     4  00:36      4.11    1.63    1.00
  C170                 CONDUIT     14.84     4  08:15      2.10    0.46    1.00
  171                  CONDUIT     13.65     4  08:15      1.93    0.43    1.00
  172                  CONDUIT      4.65     4  01:56      1.93    0.14    1.00
  C173                 CONDUIT     10.40     4  00:32      2.12    0.52    1.00
  C174                 CONDUIT     10.85     4  00:32      2.28    0.83    1.00
  C175                 CONDUIT      4.22     4  00:28      2.39    0.47    1.00
  CL-C01               CONDUIT     10.32     4  00:40      4.19    0.56    0.73
  CL-C02               CONDUIT      2.23     4  00:36      1.75    0.14    0.84
  LAT-C12a             CONDUIT      8.27     4  00:40      3.29    0.23    0.76
  LAT-C12b             CONDUIT      4.14     4  00:40      2.28    0.21    0.63
  CL-C03               CONDUIT     20.60     4  01:02      4.44    0.52    0.62
  LAT-C11              CONDUIT      2.82     4  00:35      5.00    0.06    0.50
  CL-C04               CONDUIT     19.52     4  01:05      3.16    0.52    0.82
  CL-C05               CONDUIT     19.24     4  01:06      2.96    0.67    0.87
  LAT-C10              CONDUIT      0.89     4  00:35      3.88    0.02    0.53
  CL-C06               CONDUIT     18.92     4  01:06      2.80    0.66    0.91
  LAT-C9               CONDUIT      2.16     4  00:35      4.62    0.05    0.58
  CL-C07               CONDUIT     18.26     4  01:08      2.60    0.63    0.98
  CL-C08               CONDUIT     17.98     4  01:09      2.67    0.45    0.91
  LAT-C8               CONDUIT      1.16     4  00:35      3.89    0.03    0.65
  CL-C09               CONDUIT     19.39     4  00:50      4.13    0.49    0.85
  LAT-C7               CONDUIT      1.62     4  00:35      3.30    0.05    0.73
  CL-C10               CONDUIT     18.24     4  00:51      2.86    0.45    0.91
  CL-C11               CONDUIT     16.73     4  00:53      2.55    0.58    0.90
  LAT-C6               CONDUIT      0.25     4  00:40      2.09    0.01    0.65
  CL-C12               CONDUIT     16.63     4  00:52      2.54    0.58    0.90
  LAT-C5               CONDUIT     10.15     4  00:40      5.38    0.25    0.82
  CL-C13               CONDUIT      8.54     4  01:03      1.35    0.29    0.93
  CL-C14               CONDUIT      8.14     4  01:06      1.48    0.28    0.84
  LAT-C4               CONDUIT      4.41     4  00:35      7.62    0.06    0.50
  CL-C15               CONDUIT      8.96     4  00:39      3.50    0.31    0.63
  LAT-C3a              CONDUIT      2.84     4  00:35      5.80    0.05    0.30
  LAT-C3b              CONDUIT      1.44     4  00:35      3.45    0.06    0.20
  CL-C16               CONDUIT      6.53     4  00:40      2.72    0.12    0.42
  CL-C17               CONDUIT      5.04     4  00:41      2.77    0.40    0.40
  LAT-C1               CONDUIT      3.49     4  00:40      4.45    0.08    0.37
  LAT-C2               CONDUIT      0.11     4  00:36      1.31    0.01    0.36
  CL-C18               CONDUIT      1.61     4  00:35      0.79    0.08    0.48
  201                  CONDUIT      1.97     3  18:27      3.62    0.66    1.00
  202                  CONDUIT      1.56     3  18:12      2.87    0.51    1.00
  203                  CONDUIT      2.42     3  18:07      4.44    1.69    1.00
  C204                 CONDUIT      1.57     3  23:28      3.08    4.08    1.00
  C205                 CONDUIT      1.73     3  18:13      3.18    1.70    1.00
  C206                 CONDUIT      1.64     3  18:08      3.02    1.88    1.00
  LAT-G1c              CONDUIT      4.32     4  00:39      3.44    0.21    0.70
  Culvert2             CONDUIT    111.01     4  00:42      1.75    0.24    1.00
  Culvert1             CONDUIT    225.01     4  01:13      4.23    0.54    0.51
  1                    CONDUIT     37.22     3  18:50      5.77    0.14    0.44
  2                    CONDUIT     54.65     4  00:41      6.76    0.15    0.51
  3                    CONDUIT     75.02     4  00:43      7.68    0.24    0.56
  4                    CHANNEL     85.80     4  00:54      3.04    0.01    0.09
  5                    CONDUIT      0.40     4  00:55      0.02    0.00    0.50
  6                    CHANNEL     12.26     4  00:55      0.79    0.00    0.06
  7                    CHANNEL     78.84     4  00:55      3.35    0.02    0.08
  C-STREET-2           CHANNEL      0.00     0  00:00      0.00    0.00    0.00
  C-STREET-1           CHANNEL      0.00     0  00:00      0.00    0.00    0.00
  C-STREET-3           CHANNEL      0.00     0  00:00      0.00    0.00    0.00
  C-STREET-4           CHANNEL      0.00     0  00:00      0.00    0.00    0.00
  C-STREET-5           CHANNEL      0.00     0  00:00      0.00    0.00    0.11
  C-STREET-6           CHANNEL      0.00     0  00:00      0.00    0.00    0.00
  C-STREET-7           CHANNEL      0.00     0  00:00      0.00    0.00    0.00
  C-STREET-8           CHANNEL      0.00     0  00:00      0.00    0.00    0.00
  C-STREET-9           CHANNEL      0.00     0  00:00      0.00    0.00    0.00
  C-STREET-10          CHANNEL      0.00     0  00:00      0.00    0.00    0.00
  C-STREET-11          CHANNEL      0.00     0  00:00      0.00    0.00    0.12
  C-STREET-12          CHANNEL      0.00     0  00:00      0.00    0.00    0.00
  C_STREET-13          CHANNEL      0.00     0  00:00      0.00    0.00    0.00
  C-STREET-14          CHANNEL      0.00     0  00:00      0.00    0.00    0.00
  C-STREET-15          CHANNEL      0.00     0  00:00      0.00    0.00    0.00
  C-STREET-16          CHANNEL      0.00     0  00:00      0.00    0.00    0.00
  G-STREET-1           CHANNEL      0.00     0  00:00      0.00    0.00    0.00
  G-STREET-15          CHANNEL      0.00     0  00:00      0.00    0.00    0.00
  G-STREET-16          CHANNEL      0.00     0  00:00      0.00    0.00    0.00
  G-STREET-18          CHANNEL      0.00     0  00:00      0.00    0.00    0.00
  18                   CHANNEL      0.00     0  00:00      0.00    0.00    0.00
  19                   CHANNEL      0.00     0  00:00      0.00    0.00    0.00
  20                   CHANNEL      0.00     0  00:00      0.00    0.00    0.00
  21                   CHANNEL      0.00     0  00:00      0.00    0.00    0.00
  22                   CHANNEL      0.00     0  00:00      0.00    0.00    0.00
  23                   CHANNEL      0.00     0  00:00      0.00    0.00    0.00
  24                   CHANNEL      0.00     0  00:00      0.00    0.00    0.00
  UNIV-STREET-25       CHANNEL      8.50     4  00:55      1.19    0.00    0.04
  25                   CHANNEL      6.93     4  00:42      1.05    0.00    0.05
  26                   CHANNEL      0.00     0  00:00      0.00    0.00    0.00
  27                   CHANNEL      0.00     0  00:00      0.00    0.00    0.00
  28                   CHANNEL      0.00     0  00:00      0.00    0.00    0.00
  29                   CHANNEL      0.00     0  00:00      0.00    0.00    0.00
  30                   CHANNEL      0.00     0  00:00      0.00    0.00    0.00
  31                   CHANNEL      0.10     4  01:02      0.14    0.00    0.01
  8                    PUMP         0.00     0  00:00              0.00
  
  
  ***************************
  Flow Classification Summary
  ***************************
  
  -------------------------------------------------------------------------------------
                      Adjusted    ---------- Fraction of Time in Flow Class ---------- 
                       /Actual         Up    Down  Sub   Sup   Up    Down  Norm  Inlet 
  Conduit               Length    Dry  Dry   Dry   Crit  Crit  Crit  Crit  Ltd   Ctrl  
  -------------------------------------------------------------------------------------
  RUNOUT                  1.00   0.00  0.00  0.00  1.00  0.00  0.00  0.00  0.00  0.00
  M-0-5-6                 1.00   0.00  0.00  0.00  1.00  0.00  0.00  0.00  0.00  0.00
  M-O-4                   1.00   0.00  0.00  0.00  1.00  0.00  0.00  0.00  0.00  0.00
  M-O-3                   1.00   0.00  0.00  0.00  1.00  0.00  0.00  0.00  0.00  0.00
  CL-F00                  1.00   0.02  0.00  0.00  0.98  0.00  0.00  0.00  0.00  0.00
  M-O-2                   1.00   0.00  0.05  0.00  0.95  0.00  0.00  0.00  0.32  0.00
  LAT-F59a                1.00   0.07  0.00  0.00  0.00  0.00  0.00  0.93  0.00  0.00
  LAT-F59b                1.00   0.07  0.00  0.00  0.00  0.00  0.00  0.93  0.00  0.00
  LAT-59c                 1.00   0.07  0.00  0.00  0.93  0.00  0.00  0.00  0.00  0.00
  CL-F01a                 1.00   0.02  0.01  0.00  0.97  0.00  0.00  0.00  0.15  0.00
  CL-F01b                 1.00   0.03  0.01  0.00  0.96  0.00  0.00  0.00  0.00  0.00
  CL-F02                  1.00   0.02  0.00  0.00  0.98  0.00  0.00  0.00  0.05  0.00
  CL-F03a                 1.00   0.02  0.00  0.00  0.98  0.00  0.00  0.00  0.02  0.00
  CL-F03b                 1.00   0.02  0.00  0.00  0.98  0.00  0.00  0.00  0.02  0.00
  CL-F03c                 1.00   0.02  0.00  0.00  0.98  0.00  0.00  0.00  0.00  0.00
  LAT-F57a                1.00   0.07  0.00  0.00  0.05  0.00  0.00  0.87  0.00  0.00
  LAT-F57b                1.00   0.07  0.00  0.00  0.93  0.00  0.00  0.00  0.53  0.00
  LAT-F58                 1.00   0.07  0.00  0.00  0.43  0.50  0.00  0.00  0.53  0.00
  CL-F04                  1.00   0.02  0.00  0.00  0.98  0.00  0.00  0.00  0.01  0.00
  LAT-F55                 1.00   0.08  0.00  0.00  0.08  0.01  0.00  0.83  0.02  0.00
  LAT-F56a                1.00   0.07  0.00  0.00  0.02  0.00  0.91  0.00  0.00  0.00
  LAT-F56b                1.00   0.07  0.00  0.00  0.93  0.00  0.00  0.00  0.00  0.00
  LAT-F56c                1.00   0.07  0.00  0.00  0.93  0.00  0.00  0.00  0.00  0.00
  CL-G08                  1.00   0.07  0.00  0.00  0.46  0.47  0.00  0.00  0.51  0.00
  CL-G07                  1.00   0.07  0.00  0.00  0.00  0.00  0.00  0.93  0.00  0.00
  CL-G06a                 1.00   0.07  0.00  0.00  0.93  0.00  0.00  0.00  0.05  0.00
  CL-G06b                 1.00   0.07  0.00  0.00  0.93  0.00  0.00  0.00  0.00  0.00
  CL-G05                  1.00   0.07  0.00  0.00  0.93  0.00  0.00  0.00  0.00  0.00
  CL-G04                  1.00   0.07  0.00  0.00  0.03  0.00  0.00  0.90  0.00  0.00
  CL-G03                  1.00   0.07  0.00  0.00  0.93  0.00  0.00  0.00  0.16  0.00
  CL-G02                  1.00   0.07  0.00  0.00  0.93  0.00  0.00  0.00  0.00  0.00
  CL-G01                  1.00   0.07  0.00  0.00  0.93  0.00  0.00  0.00  0.42  0.00
  CL-G00                  1.00   0.07  0.00  0.00  0.93  0.00  0.00  0.00  0.00  0.00
  LAT-G1a                 1.00   0.07  0.00  0.00  0.04  0.01  0.00  0.87  0.00  0.00
  LAT-G1b                 1.00   0.07  0.00  0.00  0.93  0.00  0.00  0.00  0.00  0.00
  CL-G09                  1.00   0.07  0.00  0.00  0.00  0.01  0.00  0.92  0.00  0.00
  LAT-G2                  1.00   0.07  0.00  0.00  0.37  0.01  0.00  0.54  0.10  0.00
  CL-G10                  1.00   0.07  0.00  0.00  0.93  0.00  0.00  0.00  0.00  0.00
  LAT-G3                  1.00   0.07  0.00  0.00  0.18  0.16  0.00  0.59  0.00  0.00
  LAT-G4                  1.00   0.07  0.00  0.00  0.42  0.01  0.00  0.50  0.02  0.00
  CL-G11                  1.00   0.07  0.00  0.00  0.42  0.00  0.00  0.50  0.00  0.00
  LAT-G5                  1.00   0.07  0.00  0.00  0.32  0.01  0.00  0.60  0.07  0.00
  CL-G12                  1.00   0.07  0.00  0.00  0.93  0.00  0.00  0.00  0.27  0.00
  CL-G13                  1.00   0.07  0.00  0.00  0.22  0.00  0.00  0.71  0.00  0.00
  CL-G14                  1.00   0.07  0.00  0.00  0.93  0.00  0.00  0.00  0.10  0.00
  CL-G15                  1.00   0.07  0.00  0.00  0.93  0.00  0.00  0.00  0.00  0.00
  CL-G16                  1.00   0.07  0.00  0.00  0.93  0.00  0.00  0.00  0.26  0.00
  CL-G17                  1.00   0.07  0.00  0.00  0.93  0.00  0.00  0.00  0.08  0.00
  CL-E01                  1.00   0.07  0.00  0.00  0.93  0.00  0.00  0.00  0.26  0.00
  CL-E02                  1.00   0.07  0.00  0.00  0.93  0.00  0.00  0.00  0.00  0.00
  CL-E03                  1.00   0.07  0.00  0.00  0.93  0.00  0.00  0.00  0.00  0.00
  CL-E04                  1.00   0.07  0.00  0.00  0.93  0.00  0.00  0.00  0.05  0.00
  CL-E05                  1.00   0.07  0.00  0.00  0.93  0.00  0.00  0.00  0.06  0.00
  CL-E06                  1.00   0.07  0.00  0.00  0.44  0.48  0.00  0.00  0.00  0.00
  CL-E07                  1.00   0.07  0.00  0.00  0.38  0.55  0.00  0.00  0.43  0.00
  LAT-E1                  1.00   0.07  0.00  0.00  0.02  0.03  0.00  0.88  0.01  0.00
  CL-E08                  1.00   0.07  0.00  0.00  0.00  0.01  0.00  0.92  0.00  0.00
  CL-E09                  1.00   0.07  0.00  0.00  0.00  0.00  0.00  0.93  0.00  0.00
  CL-E10                  1.00   0.07  0.00  0.00  0.93  0.00  0.00  0.00  0.00  0.00
  CL-E11                  1.00   0.07  0.00  0.00  0.93  0.00  0.00  0.00  0.00  0.00
  CL-E12                  1.00   0.07  0.00  0.00  0.93  0.00  0.00  0.00  0.00  0.00
  CL-E13                  1.00   0.07  0.00  0.00  0.93  0.00  0.00  0.00  0.00  0.00
  CL-E14                  1.00   0.07  0.00  0.00  0.00  0.00  0.00  0.93  0.00  0.00
  CL-E15                  1.00   0.07  0.04  0.00  0.89  0.00  0.00  0.00  0.40  0.00
  LAT-F54                 1.00   0.07  0.00  0.00  0.01  0.00  0.00  0.91  0.00  0.00
  CL-F05                  1.00   0.02  0.00  0.00  0.98  0.00  0.00  0.00  0.00  0.00
  CL-F06                  1.00   0.02  0.00  0.00  0.18  0.00  0.00  0.80  0.00  0.00
  LAT-F53a                1.00   0.07  0.00  0.00  0.05  0.02  0.00  0.85  0.01  0.00
  LAT-F53b                1.00   0.07  0.00  0.00  0.22  0.70  0.00  0.00  0.00  0.00
  CL-F07                  1.00   0.02  0.00  0.00  0.98  0.00  0.00  0.00  0.13  0.00
  LAT-F51                 1.00   0.07  0.00  0.00  0.06  0.01  0.00  0.86  0.02  0.00
  CL-F08                  1.00   0.02  0.00  0.00  0.98  0.00  0.00  0.00  0.01  0.00
  LAT-F50                 1.00   0.08  0.00  0.00  0.07  0.01  0.00  0.85  0.02  0.00
  CL-F09                  1.00   0.02  0.00  0.00  0.98  0.00  0.00  0.00  0.02  0.00
  LAT-F49b                1.00   0.08  0.00  0.00  0.01  0.02  0.00  0.90  0.00  0.00
  LAT-F49a                1.00   0.07  0.00  0.00  0.42  0.51  0.00  0.00  0.00  0.00
  CL-F10                  1.00   0.02  0.00  0.00  0.98  0.00  0.00  0.00  0.00  0.00
  LAT-F48                 1.00   0.07  0.00  0.00  0.00  0.00  0.00  0.93  0.00  0.00
  CL-H00                  1.00   0.07  0.00  0.00  0.93  0.00  0.00  0.00  0.36  0.00
  CL-H01                  1.00   0.07  0.00  0.00  0.00  0.00  0.00  0.93  0.00  0.00
  LAT-H1                  1.00   0.07  0.00  0.00  0.00  0.00  0.00  0.93  0.00  0.00
  CL-H02                  1.00   0.07  0.00  0.00  0.00  0.00  0.00  0.93  0.00  0.00
  LAT-H3                  1.00   0.07  0.00  0.00  0.11  0.08  0.00  0.74  0.04  0.00
  CL-H03                  1.00   0.07  0.00  0.00  0.93  0.00  0.00  0.00  0.19  0.00
  CL-H04                  1.00   0.07  0.00  0.00  0.93  0.00  0.00  0.00  0.00  0.00
  CL-H05                  1.00   0.07  0.01  0.00  0.92  0.00  0.00  0.00  0.15  0.00
  CL-H06                  1.00   0.07  0.00  0.00  0.01  0.00  0.00  0.92  0.00  0.00
  CL-H07                  1.00   0.07  0.00  0.00  0.93  0.00  0.00  0.00  0.28  0.00
  LAT-H2                  1.00   0.07  0.00  0.00  0.00  0.00  0.00  0.93  0.00  0.00
  CL-F11                  1.00   0.01  0.00  0.00  0.99  0.00  0.00  0.00  0.02  0.00
  LAT-F47                 1.00   0.07  0.00  0.00  0.00  0.01  0.00  0.92  0.00  0.00
  CL-F12                  1.00   0.01  0.00  0.00  0.99  0.00  0.00  0.00  0.00  0.00
  LAT-F46                 1.00   0.07  0.00  0.00  0.01  0.00  0.00  0.92  0.00  0.00
  CL-F13                  1.00   0.01  0.00  0.00  0.99  0.00  0.00  0.00  0.01  0.00
  LAT-F44a                1.00   0.07  0.00  0.00  0.00  0.00  0.00  0.93  0.00  0.00
  LAT-F45                 1.00   0.07  0.00  0.00  0.00  0.00  0.00  0.93  0.00  0.00
  LAT-F44b                1.00   0.07  0.00  0.00  0.00  0.00  0.00  0.93  0.00  0.00
  LAT-F44c                1.00   0.07  0.00  0.00  0.36  0.57  0.00  0.00  0.51  0.00
  LAT-F44d                1.00   0.07  0.00  0.00  0.15  0.78  0.00  0.00  0.19  0.00
  LAT-F44e                1.00   0.07  0.00  0.00  0.93  0.00  0.00  0.00  0.45  0.00
  CL-F14                  1.00   0.01  0.00  0.00  0.99  0.00  0.00  0.00  0.00  0.00
  LAT-F43a                1.00   0.08  0.00  0.00  0.06  0.03  0.00  0.83  0.01  0.00
  LAT-F43b                1.00   0.07  0.00  0.00  0.00  0.00  0.00  0.93  0.00  0.00
  LAT-F43c                1.00   0.07  0.00  0.00  0.93  0.00  0.00  0.00  0.09  0.00
  LAT-F43d                1.00   0.07  0.00  0.00  0.93  0.00  0.00  0.00  0.00  0.00
  LAT-F43e                1.00   0.07  0.00  0.00  0.00  0.00  0.00  0.93  0.00  0.00
  CL-F15                  1.00   0.01  0.00  0.00  0.99  0.00  0.00  0.00  0.00  0.00
  LAT-F42a                1.00   0.07  0.00  0.00  0.05  0.01  0.00  0.87  0.01  0.00
  LAT-F42b                1.00   0.07  0.00  0.00  0.48  0.45  0.00  0.00  0.18  0.00
  LAT-F42c                1.00   0.07  0.00  0.00  0.00  0.00  0.00  0.93  0.00  0.00
  LAT-F42d                1.00   0.07  0.00  0.00  0.62  0.31  0.00  0.00  0.36  0.00
  LAT-F42e                1.00   0.07  0.00  0.00  0.74  0.19  0.00  0.00  0.01  0.00
  LAT-F42f                1.00   0.07  0.00  0.00  0.93  0.00  0.00  0.00  0.31  0.00
  LAT-F42g                1.00   0.07  0.00  0.00  0.93  0.00  0.00  0.00  0.02  0.00
  CL-F16                  1.00   0.01  0.00  0.00  0.99  0.00  0.00  0.00  0.00  0.00
  LAT-F41                 1.00   0.08  0.00  0.00  0.06  0.01  0.00  0.86  0.02  0.00
  CL-F17                  1.00   0.01  0.00  0.00  0.99  0.00  0.00  0.00  0.00  0.00
  LAT-F40                 1.00   0.07  0.00  0.00  0.00  0.00  0.00  0.93  0.00  0.00
  LAT-F40B                1.00   0.07  0.00  0.00  0.00  0.00  0.00  0.93  0.00  0.00
  CL-F18                  1.00   0.01  0.00  0.00  0.15  0.00  0.00  0.84  0.00  0.00
  LAT-F39B                1.00   0.07  0.00  0.00  0.04  0.01  0.00  0.88  0.01  0.00
  CL-F19                  1.00   0.01  0.00  0.00  0.99  0.00  0.00  0.00  0.23  0.00
  LAT-F39                 1.00   0.07  0.00  0.00  0.00  0.00  0.00  0.93  0.00  0.00
  CL-F20                  1.00   0.01  0.00  0.00  0.99  0.00  0.00  0.00  0.01  0.00
  LAT-F38                 1.00   0.07  0.00  0.00  0.07  0.00  0.00  0.86  0.02  0.00
  CL-F21                  1.00   0.01  0.00  0.00  0.99  0.00  0.00  0.00  0.00  0.00
  LAT-F37                 1.00   0.07  0.00  0.00  0.05  0.01  0.00  0.87  0.02  0.00
  CL-F22                  1.00   0.00  0.00  0.00  1.00  0.00  0.00  0.00  0.00  0.00
  LAT-F36B                1.00   0.07  0.00  0.00  0.00  0.00  0.00  0.93  0.00  0.00
  CL-F23                  1.00   0.00  0.00  0.00  1.00  0.00  0.00  0.00  0.00  0.00
  LAT-F36                 1.00   0.07  0.00  0.00  0.00  0.01  0.00  0.92  0.00  0.00
  CL-F24                  1.00   0.00  0.00  0.00  1.00  0.00  0.00  0.00  0.00  0.00
  LAT-F35a                1.00   0.07  0.00  0.00  0.06  0.01  0.00  0.86  0.00  0.00
  LAT-F35b                1.00   0.07  0.00  0.00  0.04  0.88  0.00  0.00  0.52  0.00
  CL-F25                  1.00   0.00  0.00  0.00  0.10  0.00  0.00  0.89  0.00  0.00
  LAT-F34                 1.00   0.08  0.00  0.00  0.01  0.04  0.00  0.87  0.00  0.00
  CL-F26                  1.00   0.00  0.00  0.00  1.00  0.00  0.00  0.00  0.14  0.00
  LAT-F32a                1.00   0.07  0.00  0.00  0.03  0.02  0.00  0.88  0.00  0.00
  LAT-F33                 1.00   0.07  0.12  0.00  0.80  0.00  0.00  0.00  0.53  0.00
  LAT-F32b                1.00   0.07  0.00  0.00  0.31  0.62  0.00  0.00  0.39  0.00
  CL-F27                  1.00   0.00  0.00  0.00  1.00  0.00  0.00  0.00  0.00  0.00
  LAT-F30a                1.00   0.07  0.00  0.00  0.06  0.02  0.00  0.85  0.00  0.00
  LAT-F30b                1.00   0.07  0.00  0.00  0.93  0.00  0.00  0.00  0.00  0.00
  LAT-F30c                1.00   0.07  0.00  0.00  0.00  0.00  0.00  0.93  0.00  0.00
  LAT-F30d                1.00   0.07  0.00  0.00  0.93  0.00  0.00  0.00  0.08  0.00
  LAT-F30e                1.00   0.07  0.00  0.00  0.02  0.00  0.00  0.91  0.00  0.00
  LAT-F30f                1.00   0.07  0.00  0.00  0.93  0.00  0.00  0.00  0.13  0.00
  LAT-F30g                1.00   0.07  0.00  0.00  0.93  0.00  0.00  0.00  0.00  0.00
  LAT-F30h                1.00   0.07  0.00  0.00  0.93  0.00  0.00  0.00  0.50  0.00
  LAT-F31a                1.00   0.07  0.00  0.00  0.06  0.00  0.00  0.87  0.00  0.00
  LAT-F31b                1.00   0.07  0.00  0.00  0.04  0.00  0.00  0.89  0.00  0.00
  LAT-F31c                1.00   0.07  0.00  0.00  0.93  0.00  0.00  0.00  0.28  0.00
  LAT-F31d                1.00   0.07  0.00  0.00  0.00  0.00  0.00  0.93  0.00  0.00
  LAT-F31e                1.00   0.07  0.00  0.00  0.93  0.00  0.00  0.00  0.04  0.00
  LAT-F31f                1.00   0.07  0.00  0.00  0.93  0.00  0.00  0.00  0.00  0.00
  LAT-F31g                1.00   0.07  0.00  0.00  0.64  0.29  0.00  0.00  0.00  0.00
  LAT-F31h                1.00   0.07  0.00  0.00  0.93  0.00  0.00  0.00  0.00  0.00
  LAT-F31i                1.00   0.07  0.00  0.00  0.93  0.00  0.00  0.00  0.01  0.00
  LAT-F31j                1.00   0.07  0.00  0.00  0.93  0.00  0.00  0.00  0.47  0.00
  LAT-F31k                1.00   0.07  0.00  0.00  0.68  0.25  0.00  0.00  0.36  0.00
  CL-F28                  1.00   0.00  0.00  0.00  1.00  0.00  0.00  0.00  0.00  0.00
  LAT-F29                 1.00   0.08  0.00  0.00  0.04  0.01  0.00  0.88  0.01  0.00
  CL-F29                  1.00   0.00  0.00  0.00  1.00  0.00  0.00  0.00  0.00  0.00
  LAT-F27                 1.00   0.07  0.00  0.00  0.04  0.00  0.00  0.89  0.01  0.00
  CL-F30                  1.00   0.00  0.00  0.00  1.00  0.00  0.00  0.00  0.00  0.00
  LAT-F21a                1.00   0.07  0.00  0.00  0.00  0.00  0.00  0.93  0.00  0.00
  LAT-F21b                1.00   0.07  0.00  0.00  0.00  0.00  0.00  0.93  0.00  0.00
  LAT-F21c                1.00   0.07  0.00  0.00  0.93  0.00  0.00  0.00  0.25  0.00
  LAT-F21d                1.00   0.07  0.00  0.00  0.93  0.00  0.00  0.00  0.00  0.00
  LAT-F21e                1.00   0.07  0.00  0.00  0.71  0.22  0.00  0.00  0.47  0.00
  LAT-F22a                1.00   0.07  0.00  0.00  0.00  0.00  0.00  0.93  0.00  0.00
  LAT-F22b                1.00   0.07  0.00  0.00  0.62  0.31  0.00  0.00  0.00  0.00
  LAT-F22c                1.00   0.07  0.00  0.00  0.93  0.00  0.00  0.00  0.47  0.00
  LAT-F22d                1.00   0.07  0.00  0.00  0.93  0.00  0.00  0.00  0.00  0.00
  LAT-F22e                1.00   0.07  0.00  0.00  0.01  0.00  0.00  0.91  0.00  0.00
  LAT-F24                 1.00   0.07  0.00  0.00  0.00  0.00  0.00  0.93  0.00  0.00
  LAT-F22f                1.00   0.07  0.00  0.00  0.93  0.00  0.00  0.00  0.44  0.00
  LAT-F23                 1.00   0.07  0.00  0.00  0.00  0.00  0.00  0.93  0.00  0.00
  LAT-F22g                1.00   0.07  0.00  0.00  0.02  0.00  0.00  0.91  0.00  0.00
  LAT-F22h                1.00   0.07  0.00  0.00  0.93  0.00  0.00  0.00  0.26  0.00
  LAT-F22i                1.00   0.07  0.00  0.00  0.93  0.00  0.00  0.00  0.06  0.00
  LAT-F26                 1.00   0.07  0.00  0.00  0.01  0.04  0.00  0.88  0.00  0.00
  LAT-F22j                1.00   0.07  0.00  0.00  0.93  0.00  0.00  0.00  0.02  0.00
  LAT-F22k                1.00   0.07  0.00  0.00  0.00  0.00  0.00  0.93  0.00  0.00
  LAT-F25                 1.00   0.07  0.00  0.00  0.17  0.01  0.00  0.75  0.05  0.00
  LAT-F22l                1.00   0.07  0.00  0.00  0.93  0.00  0.00  0.00  0.33  0.00
  CL-F31                  1.00   0.00  0.00  0.00  1.00  0.00  0.00  0.00  0.00  0.00
  LAT-F20                 1.00   0.07  0.00  0.00  0.05  0.03  0.00  0.85  0.02  0.00
  CL-F32                  1.00   0.00  0.00  0.00  1.00  0.00  0.00  0.00  0.01  0.00
  LAT-F19                 1.00   0.07  0.00  0.00  0.03  0.01  0.00  0.88  0.01  0.00
  CL-F33                  1.00   0.00  0.00  0.00  1.00  0.00  0.00  0.00  0.00  0.00
  LAT-F17                 1.00   0.07  0.00  0.00  0.05  0.07  0.00  0.81  0.03  0.00
  CL-F34                  1.00   0.00  0.00  0.00  1.00  0.00  0.00  0.00  0.00  0.00
  LAT-F15a                1.00   0.07  0.00  0.00  0.00  0.00  0.00  0.93  0.00  0.00
  LAT-F15b                1.00   0.07  0.01  0.00  0.92  0.00  0.00  0.00  0.33  0.00
  LAT-F16a                1.00   0.07  0.00  0.00  0.00  0.00  0.00  0.93  0.00  0.00
  LAT-F16b                1.00   0.07  0.03  0.00  0.90  0.00  0.00  0.00  0.53  0.00
  CL-F35                  1.00   0.00  0.00  0.00  0.47  0.00  0.00  0.53  0.00  0.00
  LAT-F10Ea               1.00   0.07  0.00  0.00  0.34  0.05  0.00  0.54  0.11  0.00
  LAT-F10Eb               1.00   0.07  0.10  0.00  0.49  0.34  0.00  0.00  0.44  0.00
  LAT-F10Ec               1.00   0.07  0.00  0.00  0.00  0.00  0.00  0.93  0.00  0.00
  CL-F36                  1.00   0.00  0.00  0.00  1.00  0.00  0.00  0.00  0.02  0.00
  LAT-F14a                1.00   0.07  0.00  0.00  0.61  0.01  0.00  0.31  0.20  0.00
  LAT-F14b                1.00   0.07  0.00  0.00  0.69  0.24  0.00  0.00  0.33  0.00
  LAT-F14c                1.00   0.07  0.00  0.00  0.00  0.00  0.00  0.93  0.00  0.00
  CL-F37                  1.00   0.00  0.00  0.00  1.00  0.00  0.00  0.00  0.00  0.00
  LAT-F10Ca               1.00   0.07  0.00  0.00  0.64  0.01  0.00  0.28  0.21  0.00
  LAT-F10Cb               1.00   0.07  0.00  0.00  0.81  0.12  0.00  0.00  0.32  0.00
  LAT-F10Cc               1.00   0.07  0.00  0.00  0.00  0.00  0.00  0.93  0.00  0.00
  LAT-F13a                1.00   0.07  0.00  0.00  0.64  0.00  0.00  0.28  0.19  0.00
  LAT-F13b                1.00   0.07  0.00  0.00  0.64  0.29  0.00  0.00  0.53  0.00
  CL-F38                  1.00   0.00  0.00  0.00  1.00  0.00  0.00  0.00  0.00  0.00
  LAT-F10B                1.00   0.07  0.00  0.00  0.00  0.00  0.00  0.93  0.00  0.00
  LAT-F12B                1.00   0.07  0.00  0.00  0.00  0.00  0.00  0.93  0.00  0.00
  CL-F39                  1.00   0.00  0.00  0.00  1.00  0.00  0.00  0.00  0.00  0.00
  LAT-F10A                1.00   0.07  0.02  0.00  0.65  0.00  0.00  0.26  0.23  0.00
  LAT-F12a                1.00   0.07  0.20  0.00  0.46  0.00  0.00  0.26  0.20  0.00
  LAT-F12bb               1.00   0.07  0.01  0.00  0.67  0.25  0.00  0.00  0.36  0.00
  CL-F40                  1.00   0.00  0.00  0.00  1.00  0.00  0.00  0.00  0.00  0.00
  CL-F41                  1.00   0.00  0.00  0.00  1.00  0.00  0.00  0.00  0.00  0.00
  CL-F42                  1.00   0.00  0.00  0.00  1.00  0.00  0.00  0.00  0.00  0.00
  LAT-F11a                1.00   0.07  0.00  0.00  0.76  0.00  0.00  0.17  0.25  0.00
  LAT-F11b                1.00   0.07  0.04  0.00  0.75  0.15  0.00  0.00  0.45  0.00
  LAT-F11c                1.00   0.07  0.00  0.00  0.64  0.28  0.00  0.00  0.04  0.00
  CL-F43                  1.00   0.00  0.00  0.00  1.00  0.00  0.00  0.00  0.00  0.00
  LAT-F10                 1.00   0.07  0.03  0.00  0.76  0.00  0.00  0.13  0.28  0.00
  LAT-F9                  1.00   0.07  0.25  0.00  0.54  0.00  0.00  0.14  0.30  0.00
  CL-F45                  1.00   0.00  0.00  0.00  1.00  0.00  0.00  0.00  0.00  0.00
  CL-F44                  1.00   0.00  0.00  0.00  1.00  0.00  0.00  0.00  0.00  0.00
  LAT-F8                  1.00   0.07  0.00  0.00  0.54  0.00  0.00  0.39  0.03  0.00
  CL-F46                  1.00   0.00  0.00  0.00  0.77  0.00  0.00  0.23  0.00  0.00
  CL-F47                  1.00   0.00  0.00  0.00  1.00  0.00  0.00  0.00  0.00  0.00
  LAT-F6a                 1.00   0.07  0.27  0.00  0.57  0.00  0.00  0.09  0.28  0.00
  LAT-F6b                 1.00   0.07  0.00  0.00  0.51  0.42  0.00  0.00  0.33  0.00
  CL-C48                  1.00   0.00  0.00  0.00  1.00  0.00  0.00  0.00  0.00  0.00
  CL-F49                  1.00   0.00  0.00  0.00  1.00  0.00  0.00  0.00  0.00  0.00
  LAT-F4                  1.00   0.07  0.02  0.00  0.80  0.00  0.00  0.11  0.28  0.00
  LAT-F5                  1.00   0.08  0.00  0.00  0.81  0.00  0.00  0.11  0.27  0.00
  CL-F50                  1.00   0.00  0.00  0.00  1.00  0.00  0.00  0.00  0.00  0.00
  LAT-F3                  1.00   0.07  0.00  0.00  0.00  0.00  0.00  0.93  0.00  0.00
  LAT-F3B                 1.00   0.07  0.00  0.00  0.00  0.00  0.00  0.93  0.00  0.00
  CL-F51                  1.00   0.00  0.00  0.00  1.00  0.00  0.00  0.00  0.00  0.00
  LAT-F2a                 1.00   0.07  0.00  0.00  0.00  0.00  0.00  0.93  0.00  0.00
  LAT-F2b                 1.00   0.07  0.12  0.00  0.81  0.00  0.00  0.00  0.53  0.00
  LAT-F1                  1.00   0.00  0.00  0.00  0.00  0.00  0.00  1.00  0.00  0.00
  C167                    1.00   0.07  0.00  0.00  0.40  0.53  0.00  0.00  0.00  0.00
  C168                    1.00   0.07  0.00  0.00  0.93  0.00  0.00  0.00  0.00  0.00
  C169                    1.00   0.07  0.00  0.00  0.93  0.00  0.00  0.00  0.00  0.00
  C170                    1.00   0.07  0.00  0.00  0.93  0.00  0.00  0.00  0.06  0.00
  171                     1.00   0.07  0.00  0.00  0.93  0.00  0.00  0.00  0.20  0.00
  172                     1.00   0.07  0.00  0.00  0.91  0.02  0.00  0.00  0.40  0.00
  C173                    1.00   0.07  0.00  0.00  0.93  0.00  0.00  0.00  0.02  0.00
  C174                    1.00   0.07  0.00  0.00  0.93  0.00  0.00  0.00  0.00  0.00
  C175                    1.00   0.07  0.00  0.00  0.93  0.00  0.00  0.00  0.47  0.00
  CL-C01                  1.00   0.07  0.00  0.00  0.00  0.00  0.00  0.93  0.00  0.00
  CL-C02                  1.00   0.07  0.00  0.00  0.93  0.00  0.00  0.00  0.45  0.00
  LAT-C12a                1.00   0.07  0.00  0.00  0.61  0.31  0.00  0.00  0.43  0.00
  LAT-C12b                1.00   0.07  0.00  0.00  0.93  0.00  0.00  0.00  0.00  0.00
  CL-C03                  1.00   0.07  0.00  0.00  0.00  0.00  0.00  0.93  0.00  0.00
  LAT-C11                 1.00   0.07  0.00  0.00  0.29  0.04  0.00  0.60  0.09  0.00
  CL-C04                  1.00   0.07  0.00  0.00  0.93  0.00  0.00  0.00  0.06  0.00
  CL-C05                  1.00   0.07  0.00  0.00  0.93  0.00  0.00  0.00  0.00  0.00
  LAT-C10                 1.00   0.07  0.00  0.00  0.29  0.02  0.00  0.62  0.08  0.00
  CL-C06                  1.00   0.07  0.00  0.00  0.93  0.00  0.00  0.00  0.00  0.00
  LAT-C9                  1.00   0.07  0.00  0.00  0.33  0.02  0.00  0.58  0.09  0.00
  CL-C07                  1.00   0.07  0.00  0.00  0.93  0.00  0.00  0.00  0.00  0.00
  CL-C08                  1.00   0.07  0.00  0.00  0.93  0.00  0.00  0.00  0.04  0.00
  LAT-C8                  1.00   0.07  0.00  0.00  0.20  0.02  0.00  0.71  0.05  0.00
  CL-C09                  1.00   0.07  0.00  0.00  0.92  0.00  0.00  0.00  0.00  0.00
  LAT-C7                  1.00   0.07  0.00  0.00  0.28  0.03  0.00  0.62  0.07  0.00
  CL-C10                  1.00   0.07  0.00  0.00  0.93  0.00  0.00  0.00  0.00  0.00
  CL-C11                  1.00   0.07  0.00  0.00  0.93  0.00  0.00  0.00  0.00  0.00
  LAT-C6                  1.00   0.07  0.00  0.00  0.26  0.03  0.00  0.64  0.07  0.00
  CL-C12                  1.00   0.07  0.00  0.00  0.93  0.00  0.00  0.00  0.00  0.00
  LAT-C5                  1.00   0.07  0.00  0.00  0.15  0.09  0.00  0.69  0.00  0.00
  CL-C13                  1.00   0.07  0.00  0.00  0.93  0.00  0.00  0.00  0.00  0.00
  CL-C14                  1.00   0.07  0.00  0.00  0.93  0.00  0.00  0.00  0.00  0.00
  LAT-C4                  1.00   0.07  0.00  0.00  0.10  0.06  0.00  0.76  0.04  0.00
  CL-C15                  1.00   0.07  0.00  0.00  0.93  0.00  0.00  0.00  0.00  0.00
  LAT-C3a                 1.00   0.07  0.00  0.00  0.03  0.04  0.00  0.85  0.01  0.00
  LAT-C3b                 1.00   0.07  0.00  0.00  0.57  0.36  0.00  0.00  0.25  0.00
  CL-C16                  1.00   0.07  0.00  0.00  0.93  0.00  0.00  0.00  0.17  0.00
  CL-C17                  1.00   0.07  0.00  0.00  0.00  0.00  0.00  0.93  0.00  0.00
  LAT-C1                  1.00   0.07  0.00  0.00  0.05  0.27  0.00  0.61  0.00  0.00
  LAT-C2                  1.00   0.07  0.00  0.00  0.41  0.00  0.00  0.52  0.10  0.00
  CL-C18                  1.00   0.07  0.00  0.00  0.93  0.00  0.00  0.00  0.33  0.00
  201                     1.00   0.07  0.00  0.00  0.93  0.00  0.00  0.00  0.32  0.00
  202                     1.00   0.07  0.00  0.00  0.93  0.00  0.00  0.00  0.31  0.00
  203                     1.00   0.07  0.00  0.00  0.93  0.00  0.00  0.00  0.00  0.00
  C204                    1.00   0.07  0.00  0.00  0.26  0.00  0.00  0.67  0.00  0.00
  C205                    1.00   0.07  0.00  0.00  0.93  0.00  0.00  0.00  0.21  0.00
  C206                    1.00   0.07  0.00  0.00  0.93  0.00  0.00  0.00  0.03  0.00
  LAT-G1c                 1.00   0.07  0.00  0.00  0.81  0.12  0.00  0.00  0.53  0.00
  Culvert2                1.00   0.00  0.00  0.00  0.93  0.00  0.07  0.00  0.00  0.00
  Culvert1                1.00   0.45  0.00  0.00  0.55  0.00  0.00  0.00  0.00  0.00
  1                       1.00   0.49  0.07  0.00  0.24  0.19  0.00  0.02  0.52  0.00
  2                       1.00   0.41  0.08  0.00  0.10  0.40  0.00  0.00  0.53  0.00
  3                       1.00   0.41  0.00  0.00  0.00  0.00  0.00  0.59  0.00  0.00
  4                       1.00   0.79  0.00  0.00  0.05  0.00  0.00  0.16  0.00  0.00
  5                       1.00   0.80  0.20  0.00  0.00  0.00  0.00  0.00  0.50  0.00
  6                       1.00   0.79  0.17  0.00  0.05  0.00  0.00  0.00  0.50  0.00
  7                       1.00   0.92  0.00  0.00  0.00  0.00  0.08  0.00  0.00  0.00
  C-STREET-2              1.00   1.00  0.00  0.00  0.00  0.00  0.00  0.00  0.00  0.00
  C-STREET-1              1.00   1.00  0.00  0.00  0.00  0.00  0.00  0.00  0.00  0.00
  C-STREET-3              1.00   1.00  0.00  0.00  0.00  0.00  0.00  0.00  0.00  0.00
  C-STREET-4              1.00   1.00  0.00  0.00  0.00  0.00  0.00  0.00  0.00  0.00
  C-STREET-5              1.00   0.07  0.93  0.00  0.00  0.00  0.00  0.00  0.00  0.00
  C-STREET-6              1.00   1.00  0.00  0.00  0.00  0.00  0.00  0.00  0.00  0.00
  C-STREET-7              1.00   1.00  0.00  0.00  0.00  0.00  0.00  0.00  0.00  0.00
  C-STREET-8              1.00   1.00  0.00  0.00  0.00  0.00  0.00  0.00  0.00  0.00
  C-STREET-9              1.00   1.00  0.00  0.00  0.00  0.00  0.00  0.00  0.00  0.00
  C-STREET-10             1.00   1.00  0.00  0.00  0.00  0.00  0.00  0.00  0.00  0.00
  C-STREET-11             1.00   0.07  0.93  0.00  0.00  0.00  0.00  0.00  0.00  0.00
  C-STREET-12             1.00   1.00  0.00  0.00  0.00  0.00  0.00  0.00  0.00  0.00
  C_STREET-13             1.00   1.00  0.00  0.00  0.00  0.00  0.00  0.00  0.00  0.00
  C-STREET-14             1.00   1.00  0.00  0.00  0.00  0.00  0.00  0.00  0.00  0.00
  C-STREET-15             1.00   1.00  0.00  0.00  0.00  0.00  0.00  0.00  0.00  0.00
  C-STREET-16             1.00   1.00  0.00  0.00  0.00  0.00  0.00  0.00  0.00  0.00
  G-STREET-1              1.00   1.00  0.00  0.00  0.00  0.00  0.00  0.00  0.00  0.00
  G-STREET-15             1.00   1.00  0.00  0.00  0.00  0.00  0.00  0.00  0.00  0.00
  G-STREET-16             1.00   1.00  0.00  0.00  0.00  0.00  0.00  0.00  0.00  0.00
  G-STREET-18             1.00   1.00  0.00  0.00  0.00  0.00  0.00  0.00  0.00  0.00
  18                      1.00   1.00  0.00  0.00  0.00  0.00  0.00  0.00  0.00  0.00
  19                      1.00   1.00  0.00  0.00  0.00  0.00  0.00  0.00  0.00  0.00
  20                      1.00   1.00  0.00  0.00  0.00  0.00  0.00  0.00  0.00  0.00
  21                      1.00   1.00  0.00  0.00  0.00  0.00  0.00  0.00  0.00  0.00
  22                      1.00   1.00  0.00  0.00  0.00  0.00  0.00  0.00  0.00  0.00
  23                      1.00   1.00  0.00  0.00  0.00  0.00  0.00  0.00  0.00  0.00
  24                      1.00   1.00  0.00  0.00  0.00  0.00  0.00  0.00  0.00  0.00
  UNIV-STREET-25          1.00   0.95  0.00  0.00  0.02  0.00  0.00  0.03  0.03  0.00
  25                      1.00   0.92  0.00  0.00  0.04  0.00  0.00  0.04  0.00  0.00
  26                      1.00   1.00  0.00  0.00  0.00  0.00  0.00  0.00  0.00  0.00
  27                      1.00   1.00  0.00  0.00  0.00  0.00  0.00  0.00  0.00  0.00
  28                      1.00   1.00  0.00  0.00  0.00  0.00  0.00  0.00  0.00  0.00
  29                      1.00   1.00  0.00  0.00  0.00  0.00  0.00  0.00  0.00  0.00
  30                      1.00   1.00  0.00  0.00  0.00  0.00  0.00  0.00  0.00  0.00
  31                      1.00   0.99  0.00  0.00  0.00  0.00  0.00  0.00  0.00  0.00
  
  
  *************************
  Conduit Surcharge Summary
  *************************
  
  ----------------------------------------------------------------------------
                                                           Hours        Hours 
                         --------- Hours Full --------   Above Full   Capacity
  Conduit                Both Ends  Upstream  Dnstream   Normal Flow   Limited
  ----------------------------------------------------------------------------
  RUNOUT                    174.89    174.89    192.00      0.01         0.01
  M-0-5-6                     6.07      6.07    174.87      2.47         2.86
  CL-F01b                     0.01      0.28      0.01      0.01         0.01
  CL-F02                      0.20      0.20      0.28      0.01         0.01
  CL-F03a                     0.20      0.35      0.20      0.01         0.20
  CL-F03b                     0.16      0.16      0.35      0.01         0.01
  CL-F03c                     0.01      0.01      0.16      0.01         0.01
  LAT-F57a                    0.45      0.45      0.61      0.01         0.01
  LAT-F57b                    0.01      0.01      0.45      0.01         0.01
  LAT-F58                     0.01      0.01      0.45      0.01         0.01
  LAT-F55                     0.01      0.01      0.64      0.01         0.01
  LAT-F56a                    0.01      0.01     13.61      0.01         0.01
  LAT-F56b                   11.72     11.72     13.61      0.01         8.51
  LAT-F56c                   11.42     11.42     11.72      0.01         7.58
  CL-G08                      0.01      0.01     11.42      0.01         0.01
  CL-G03                      0.01      0.05      0.01      0.01         0.01
  CL-G02                      0.01      0.01      0.05      0.01         0.01
  CL-G01                      0.01      0.01      0.13      0.01         0.01
  LAT-G1a                     0.06      0.08      0.06      0.01         0.06
  LAT-G1b                     0.08      0.11      0.08      0.01         0.08
  CL-G09                      0.01      2.27      0.01      0.30         0.01
  LAT-G2                      0.28      0.28      6.02      0.01         0.01
  CL-G10                      2.27      4.61      2.27      3.64         2.27
  LAT-G3                      4.13      4.13      4.61      0.01         0.01
  LAT-G4                      4.58      7.26      4.58      0.01         4.58
  CL-G11                      4.36      4.36      4.61      0.01         0.01
  LAT-G5                      0.75      0.75      6.08      0.01         0.01
  CL-G12                      3.96      3.96      4.36      0.01         0.01
  CL-G13                      3.37      3.37      3.96      0.01         0.01
  CL-G14                      2.86      2.86      3.37      0.01         0.01
  CL-G15                      1.82      1.82      2.86      0.01         0.01
  CL-G16                      1.29      1.29      1.82      0.01         0.01
  CL-G17                      0.79      0.79      1.29      0.01         0.01
  LAT-F53a                    0.01      0.01      0.83      0.01         0.01
  LAT-F51                     0.01      0.01      0.68      0.01         0.01
  LAT-F50                     0.01      0.01      0.81      0.01         0.01
  LAT-F49b                    0.01      0.01      0.06      0.01         0.01
  LAT-F48                     0.01      0.13      0.01      0.07         0.01
  LAT-F43a                    0.01      0.01      0.55      0.01         0.01
  LAT-F42a                    0.01      0.01      0.66      0.01         0.01
  LAT-F41                     0.01      0.01      0.66      0.01         0.01
  LAT-F40                     0.01      0.17      0.01      0.09         0.01
  LAT-F39B                    0.01      0.01      0.54      0.01         0.01
  LAT-F38                     0.01      0.01      0.59      0.01         0.01
  LAT-F37                     0.01      0.01      0.52      0.01         0.01
  LAT-F36                     0.01      0.01      0.07      0.01         0.01
  CL-F24                      0.01      0.01      0.01      0.01         0.01
  LAT-F35a                    0.48      0.48      0.61      0.01         0.01
  LAT-F35b                    0.01      0.01      0.48      0.01         0.01
  CL-F25                      0.01      0.14      0.01      0.01         0.01
  LAT-F34                     0.18      0.22      0.53      0.01         0.08
  CL-F26                      0.14      0.21      0.14      0.01         0.14
  LAT-F32a                    0.31      0.39      0.56      0.01         0.20
  LAT-F33                     0.01      0.01      0.39      0.01         0.01
  LAT-F32b                    0.37      0.39      0.39      0.01         0.34
  CL-F27                      0.06      0.06      0.21      0.01         0.01
  LAT-F30a                    0.01      0.01      0.36      0.01         0.01
  LAT-F31a                    0.22      0.24      0.22      0.01         0.22
  LAT-F31b                    0.11      0.11      0.24      0.01         0.01
  LAT-F31c                    0.11      0.11      0.11      0.01         0.03
  CL-F28                      0.01      0.01      0.06      0.01         0.01
  LAT-F29                     0.01      0.01      0.37      0.01         0.01
  LAT-F27                     0.01      0.01      0.30      0.01         0.01
  LAT-F20                     0.01      0.01      0.28      0.01         0.01
  LAT-F19                     0.01      0.01      0.08      0.01         0.01
  LAT-F1                      0.01     49.35      0.01     47.20         0.01
  C167                        1.85      1.85      4.13      0.01         0.01
  C168                        1.85     10.91      1.85     13.31         1.85
  C169                       10.91     12.17     10.91     13.31        10.91
  C170                       11.41     11.41     12.17      0.01         0.01
  171                        11.28     11.28     11.41      0.01         3.26
  172                        13.25     13.25     17.25      0.01         0.01
  C173                       11.12     11.12     13.23      0.01         0.01
  C174                        8.92      8.92     11.12      0.01         0.04
  C175                        7.46      7.46     11.84      0.01         0.01
  LAT-C10                     0.01      0.01      0.37      0.01         0.01
  LAT-C9                      0.01      0.01      0.77      0.01         0.01
  CL-C07                      0.01      0.35      0.01      0.01         0.01
  CL-C08                      0.01      0.01      0.35      0.01         0.01
  LAT-C7                      0.01      0.01      0.45      0.01         0.01
  LAT-C6                      0.01      0.01      0.32      0.01         0.01
  LAT-C5                      0.01      0.01      0.55      0.01         0.01
  201                        38.39     38.39     40.62      0.01         0.21
  202                        38.10     38.10     38.73      0.01         0.01
  203                        38.22     38.23     38.31      0.11         3.26
  C204                       11.75     40.62     11.75     43.69        11.75
  C205                       38.71     38.73     40.62     32.00        32.96
  C206                       38.27     38.31     38.73      1.91        24.27
  LAT-G1c                     0.01      0.01      0.60      0.01         0.01
  Culvert2                   36.46     36.46     45.72      0.66         0.01
  Culvert1                    0.01      0.01      0.01     12.04         0.01
  5                           0.01      0.01     95.10      0.01         0.01
  
  
  ***************
  Pumping Summary
  ***************
  
  ---------------------------------------------------------------------------------------------------------
                                                  Min       Avg       Max     Total     Power    % Time Off
                        Percent   Number of      Flow      Flow      Flow    Volume     Usage    Pump Curve
  Pump                 Utilized   Start-Ups       CFS       CFS       CFS  10^6 gal     Kw-hr    Low   High
  ---------------------------------------------------------------------------------------------------------
  8                        0.00           0      0.00      0.00      0.00     0.000      0.00    0.0    0.0
  

  Analysis begun on:  Fri May 27 08:28:51 2016
  Analysis ended on:  Fri May 27 08:32:54 2016
  Total elapsed time: 00:04:03